Timestamp,TMP(kpa) 1,TMP(kpa) 2,TMP(kpa) 3,TMP(kpa) 4,TMP(kpa) 5,TMP(kpa) 6,PH1,PH2,ORP1,ORP2,Motor1,Motor2,Motor3,Motor4,Motor5,Motor6,Motor7,Motor8
2025-08-17 19:59:06,10,9,15,15,9,13,4.004,4.107,307.7,311.3,0,0,0,0,0,0,1,100
2025-08-17 19:59:16,10,9,15,14,9,14,4.003,4.106,307.6,311.5,0,0,0,0,0,0,1,100
2025-08-17 19:59:26,10,9,15,14,9,13,3.999,4.103,307.9,311.6,0,0,0,0,0,0,1,100
2025-08-17 19:59:36,10,9,15,14,9,14,3.996,4.105,308.1,311.4,0,0,0,0,0,0,1,100
2025-08-17 19:59:46,10,9,15,14,9,13,4.005,4.106,308.2,311.4,0,0,0,0,0,0,1,100
2025-08-17 19:59:56,10,9,15,14,9,14,4.004,4.107,308,311.6,0,0,0,0,0,0,1,100
2025-08-17 20:00:06,10,9,15,14,9,14,4.001,4.105,308,311.5,0,0,0,0,0,0,1,100
2025-08-17 20:00:16,10,9,15,14,9,14,4.001,4.108,307.5,311.5,0,0,0,0,0,0,1,100
2025-08-17 20:00:26,10,10,15,14,9,13,4.006,4.109,308.1,311.3,0,0,0,0,0,0,1,100
2025-08-17 20:00:36,10,9,15,14,9,14,4.007,4.11,308,311.6,0,0,0,0,0,0,1,100
2025-08-17 20:00:46,10,9,15,14,9,14,3.998,4.109,308,311.6,0,0,0,0,0,0,1,100
2025-08-17 20:00:57,10,9,15,14,9,13,4.007,4.109,308,311.3,0,0,0,0,0,0,1,100
2025-08-17 20:01:07,10,9,15,14,9,14,4.002,4.11,308,311.5,0,0,0,0,0,0,1,100
2025-08-17 20:01:17,11,9,15,14,9,14,4.002,4.107,307.9,311.9,0,0,0,0,0,0,1,100
2025-08-17 20:01:27,9,9,15,14,9,14,4.002,4.106,308.1,311.5,0,0,0,0,0,0,1,100
2025-08-17 20:01:37,10,9,15,14,9,14,4.002,4.109,307.9,311.4,0,0,0,0,0,0,1,100
2025-08-17 20:01:47,10,9,15,14,9,14,4,4.108,308,311.9,0,0,0,0,0,0,1,100
2025-08-17 20:01:57,10,9,15,14,9,13,4,4.111,307.9,311.6,0,0,0,0,0,0,1,100
2025-08-17 20:02:07,10,9,15,14,9,13,3.998,4.107,308,311.6,0,0,0,0,0,0,1,100
2025-08-17 20:02:17,10,9,15,14,9,14,4.005,4.109,308,311.3,0,0,0,0,0,0,1,100
2025-08-17 20:02:27,10,9,15,14,9,13,4.003,4.109,307.8,311.5,0,0,0,0,0,0,1,100
2025-08-17 20:02:37,10,10,15,14,9,13,4.004,4.111,307.9,311.2,0,0,0,0,0,0,1,100
2025-08-17 20:02:47,10,9,15,14,9,13,4,4.105,308.1,311.5,0,0,0,0,0,0,1,100
2025-08-17 20:02:57,9,9,15,14,9,14,4.001,4.107,307.9,311.4,0,0,0,0,0,0,1,100
2025-08-17 20:03:07,10,10,15,14,9,13,3.999,4.109,308.2,311.5,0,0,0,0,0,0,1,100
2025-08-17 20:03:17,10,9,15,14,9,14,4.001,4.109,307.9,311.4,0,0,0,0,0,0,1,100
2025-08-17 20:03:28,10,9,15,14,9,14,4.004,4.11,307.8,311.6,0,0,0,0,0,0,1,100
2025-08-17 20:03:38,10,9,15,14,10,14,4.001,4.107,307.8,311.3,0,0,0,0,0,0,1,100
2025-08-17 20:03:48,10,9,15,15,9,13,4.003,4.107,308,311.5,0,0,0,0,0,0,1,100
2025-08-17 20:03:58,10,9,15,14,9,14,4.001,4.11,308.1,311.2,0,0,0,0,0,0,1,100
2025-08-17 20:04:08,10,9,15,14,9,14,3.999,4.106,307.4,311.3,0,0,0,0,0,0,1,100
2025-08-17 20:04:18,10,9,15,14,9,13,3.999,4.109,308,311.3,0,0,0,0,0,0,1,100
2025-08-17 20:04:28,10,9,15,14,9,14,4.002,4.104,308,311.6,0,0,0,0,0,0,1,100
2025-08-17 20:04:38,10,9,15,14,9,13,4.002,4.106,307.9,311.1,0,0,0,0,0,0,1,100
2025-08-17 20:04:48,10,10,15,14,9,14,4,4.11,307.9,311.2,0,0,0,0,0,0,1,100
2025-08-17 20:04:58,10,9,15,14,9,14,4.006,4.107,308,311.6,0,0,0,0,0,0,1,100
2025-08-17 20:05:08,10,9,15,14,9,13,4.001,4.108,307.9,311.3,0,0,0,0,0,0,1,100
2025-08-17 20:05:18,10,9,15,14,9,14,4.001,4.107,308,311.4,0,0,0,0,0,0,1,100
2025-08-17 20:05:29,10,9,15,14,9,14,4.005,4.106,308.2,311.3,0,0,0,0,0,0,1,100
2025-08-17 20:05:39,10,9,15,14,9,13,4.002,4.108,308,311.6,0,0,0,0,0,0,1,100
2025-08-17 20:05:49,10,9,15,14,9,14,4.001,4.104,307.8,311.4,0,0,0,0,0,0,1,100
2025-08-17 20:05:59,10,9,15,14,9,13,4.002,4.106,308.1,311.4,0,0,0,0,0,0,1,100
2025-08-17 20:06:09,9,9,15,14,9,14,4.001,4.11,308.1,311.3,0,0,0,0,0,0,1,100
2025-08-17 20:06:19,10,9,15,14,9,13,4.001,4.109,307.9,311.7,0,0,0,0,0,0,1,100
2025-08-17 20:06:29,10,9,14,14,9,14,4.003,4.11,308.1,311.4,0,0,0,0,0,0,1,100
2025-08-17 20:06:39,10,9,15,14,9,13,4,4.108,307.6,311.3,0,0,0,0,0,0,1,100
2025-08-17 20:06:49,10,9,15,14,9,14,4.002,4.106,308.1,311.5,0,0,0,0,0,0,1,100
2025-08-17 20:06:59,10,9,15,14,9,14,4.009,4.107,308,311.6,0,0,0,0,0,0,1,100
2025-08-17 20:07:09,10,9,15,14,9,14,4.005,4.108,307.9,311.6,0,0,0,0,0,0,1,100
2025-08-17 20:07:19,10,9,15,14,9,14,3.999,4.108,308,311.6,0,0,0,0,0,0,1,100
2025-08-17 20:07:29,10,9,15,14,9,13,4.005,4.109,307.9,311.5,0,0,0,0,0,0,1,100
2025-08-17 20:07:39,10,9,15,14,9,14,3.996,4.112,307.9,311.6,0,0,0,0,0,0,1,100
2025-08-17 20:07:50,10,9,15,14,9,14,3.998,4.105,308,311.2,0,0,0,0,0,0,1,100
2025-08-17 20:08:00,10,9,15,14,9,14,4.006,4.108,308.1,311.5,0,0,0,0,0,0,1,100
2025-08-17 20:08:10,10,9,15,14,9,14,4,4.105,307.9,311.3,0,0,0,0,0,0,1,100
2025-08-17 20:08:20,10,9,15,14,9,14,4.003,4.107,308,311.5,0,0,0,0,0,0,1,100
2025-08-17 20:08:30,9,9,15,14,9,14,4.002,4.106,308,311.2,0,0,0,0,0,0,1,100
2025-08-17 20:08:40,10,9,14,14,9,13,3.999,4.106,308.2,311.6,0,0,0,0,0,0,1,100
2025-08-17 20:08:50,10,9,15,14,9,13,3.996,4.108,308.2,311.4,0,0,0,0,0,0,1,100
2025-08-17 20:09:00,10,10,15,14,9,13,4,4.109,308,311.3,0,0,0,0,0,0,1,100
2025-08-17 20:09:10,10,9,15,14,9,13,3.999,4.112,307.8,311.3,0,0,0,0,0,0,1,100
2025-08-17 20:09:20,10,9,15,14,9,14,3.998,4.108,308.2,311.2,0,0,0,0,0,0,1,100
2025-08-17 20:09:30,10,9,15,13,9,14,3.999,4.108,307.9,311.3,0,0,0,0,0,0,1,100
2025-08-17 20:09:40,10,9,15,14,10,13,4.003,4.106,308.2,311.4,0,0,0,0,0,0,1,100
2025-08-17 20:09:50,10,9,15,14,9,13,4.002,4.106,308.2,311.4,0,0,0,0,0,0,1,100
2025-08-17 20:10:01,10,9,15,14,9,13,3.997,4.108,308,311.2,0,0,0,0,0,0,1,100
2025-08-17 20:10:11,10,9,15,14,9,13,3.998,4.108,308,311.3,0,0,0,0,0,0,1,100
2025-08-17 20:10:21,10,9,15,14,10,14,4,4.108,307.9,311.5,0,0,0,0,0,0,1,100
2025-08-17 20:10:31,10,9,15,14,9,14,3.999,4.107,308.5,311.4,0,0,0,0,0,0,1,100
2025-08-17 20:10:41,10,9,15,14,9,14,4.001,4.104,308.1,311.5,0,0,0,0,0,0,1,100
2025-08-17 20:10:51,10,9,15,14,9,13,3.998,4.102,307.9,311.5,0,0,0,0,0,0,1,100
2025-08-17 20:11:01,9,9,15,14,9,14,4.006,4.109,308,311.4,0,0,0,0,0,0,1,100
2025-08-17 20:11:11,10,9,15,14,9,13,3.999,4.109,308.1,311.3,0,0,0,0,0,0,1,100
2025-08-17 20:11:21,10,9,15,14,9,13,3.995,4.107,307.8,311.3,0,0,0,0,0,0,1,100
2025-08-17 20:11:31,10,9,15,14,9,14,4.002,4.103,307.8,311.6,0,0,0,0,0,0,1,100
2025-08-17 20:11:41,10,10,15,14,9,14,4,4.108,307.5,311.4,0,0,0,0,0,0,1,100
2025-08-17 20:11:51,10,10,15,14,9,13,4,4.106,308,311.4,0,0,0,0,0,0,1,100
2025-08-17 20:12:01,10,9,15,14,9,13,4.002,4.11,308,311.8,0,0,0,0,0,0,1,100
2025-08-17 20:12:11,10,9,14,14,9,14,4.003,4.108,307.6,311.6,0,0,0,0,0,0,1,100
2025-08-17 20:12:22,10,9,15,14,9,13,4,4.109,307.9,311.4,0,0,0,0,0,0,1,100
2025-08-17 20:12:32,10,9,15,14,9,13,3.999,4.109,308.1,311.3,0,0,0,0,0,0,1,100
2025-08-17 20:12:42,10,9,15,14,9,13,4,4.111,308.2,311.3,0,0,0,0,0,0,1,100
2025-08-17 20:12:52,10,9,15,14,9,13,4.002,4.109,308.2,311.4,0,0,0,0,0,0,1,100
2025-08-17 20:13:02,10,9,15,14,9,14,4.005,4.107,308.1,311.4,0,0,0,0,0,0,1,100
2025-08-17 20:13:12,10,10,15,14,9,14,4.004,4.108,308.1,311.3,0,0,0,0,0,0,1,100
2025-08-17 20:13:22,10,9,15,14,10,13,4.001,4.111,308.2,311.5,0,0,0,0,0,0,1,100
2025-08-17 20:13:32,10,9,15,14,9,14,3.999,4.112,308.1,311.5,0,0,0,0,0,0,1,100
2025-08-17 20:13:42,10,9,15,14,9,13,4.004,4.109,308.1,311.6,0,0,0,0,0,0,1,100
2025-08-17 20:13:52,10,9,15,14,9,14,4.003,4.107,308.3,311.5,0,0,0,0,0,0,1,100
2025-08-17 20:14:02,10,10,15,14,10,14,4.005,4.106,307.8,311.4,0,0,0,0,0,0,1,100
2025-08-17 20:14:12,10,9,15,14,9,13,4.008,4.111,307.9,311.4,0,0,0,0,0,0,1,100
2025-08-17 20:14:22,10,9,15,14,9,14,3.997,4.109,308,311.4,0,0,0,0,0,0,1,100
2025-08-17 20:14:32,9,9,15,14,9,14,4,4.11,308.1,311.5,0,0,0,0,0,0,1,100
2025-08-17 20:14:43,10,9,15,14,9,13,4.001,4.108,307.9,311.6,0,0,0,0,0,0,1,100
2025-08-17 20:14:53,10,9,15,14,9,14,4.003,4.111,308.2,311.3,0,0,0,0,0,0,1,100
2025-08-17 20:15:03,11,10,15,14,10,14,4.002,4.107,308.1,311.5,0,0,0,0,0,0,1,100
2025-08-17 20:15:13,10,9,15,14,9,14,4.003,4.109,308.2,311.4,0,0,0,0,0,0,1,100
2025-08-17 20:15:23,10,9,15,14,9,14,4.007,4.106,308.1,311.6,0,0,0,0,0,0,1,100
2025-08-17 20:15:33,10,9,15,14,9,14,3.996,4.106,308.1,311.5,0,0,0,0,0,0,1,100
2025-08-17 20:15:43,10,10,15,14,9,14,3.999,4.109,308.4,311.6,0,0,0,0,0,0,1,100
2025-08-17 20:15:53,10,9,15,14,9,14,4.003,4.106,308,311.6,0,0,0,0,0,0,1,100
2025-08-17 20:16:03,10,9,14,14,9,13,4.003,4.105,308.1,311.2,0,0,0,0,0,0,1,100
2025-08-17 20:16:13,10,9,15,14,9,14,4,4.111,308.1,311.4,0,0,0,0,0,0,1,100
2025-08-17 20:16:23,10,10,15,14,9,14,3.995,4.107,308.2,311.3,0,0,0,0,0,0,1,100
2025-08-17 20:16:34,10,9,15,14,9,13,3.996,4.109,308.3,311.5,0,0,0,0,0,0,1,100
2025-08-17 20:16:44,10,9,15,14,9,14,3.999,4.108,307.7,311.4,0,0,0,0,0,0,1,100
2025-08-17 20:16:54,10,9,15,14,10,13,3.997,4.109,308.2,311.6,0,0,0,0,0,0,1,100
2025-08-17 20:17:04,10,9,15,14,9,14,4,4.107,308.3,311.5,0,0,0,0,0,0,1,100
2025-08-17 20:17:14,10,9,15,14,9,14,3.998,4.108,308.2,311.6,0,0,0,0,0,0,1,100
2025-08-17 20:17:24,10,9,15,14,9,13,3.999,4.109,308.3,311.3,0,0,0,0,0,0,1,100
2025-08-17 20:17:34,10,9,15,14,9,13,4.002,4.109,308.2,311.7,0,0,0,0,0,0,1,100
2025-08-17 20:17:44,10,10,15,14,9,13,3.999,4.108,308,311.6,0,0,0,0,0,0,1,100
2025-08-17 20:17:54,10,9,15,14,9,13,4,4.108,308,311.5,0,0,0,0,0,0,1,100
2025-08-17 20:18:04,10,9,15,14,9,14,4,4.108,308.1,311.6,0,0,0,0,0,0,1,100
2025-08-17 20:18:15,9,9,15,14,9,13,4.002,4.111,308,311.7,0,0,0,0,0,0,1,100
2025-08-17 20:18:25,10,9,15,14,9,14,4,4.106,308.1,311.4,0,0,0,0,0,0,1,100
2025-08-17 20:18:35,10,9,15,14,9,14,4.001,4.105,308.1,311.6,0,0,0,0,0,0,1,100
2025-08-17 20:18:45,10,10,14,14,9,13,4.004,4.108,308.1,311.6,0,0,0,0,0,0,1,100
2025-08-17 20:18:55,10,9,15,14,9,13,3.997,4.105,308.3,311.6,0,0,0,0,0,0,1,100
2025-08-17 20:19:05,10,9,15,14,9,14,4.002,4.109,308.4,311.5,0,0,0,0,0,0,1,100
2025-08-17 20:19:15,10,9,15,14,9,13,4.001,4.107,308.3,311.5,0,0,0,0,0,0,1,100
2025-08-17 20:19:25,10,9,15,14,9,13,4.001,4.107,308.2,311.5,0,0,0,0,0,0,1,100
2025-08-17 20:19:35,10,9,15,14,9,14,4.003,4.112,308.1,311.7,0,0,0,0,0,0,1,100
2025-08-17 20:19:45,10,9,15,14,9,13,4.005,4.11,308,311.8,0,0,0,0,0,0,1,100
2025-08-17 20:19:56,10,9,15,14,9,13,4.001,4.108,308.2,311.6,0,0,0,0,0,0,1,100
2025-08-17 20:20:06,10,9,15,14,9,14,4,4.109,308.3,312,0,0,0,0,0,0,1,100
2025-08-17 20:20:16,10,9,15,14,9,14,4.002,4.111,308.2,311.4,0,0,0,0,0,0,1,100
2025-08-17 20:20:26,10,9,15,14,9,13,4.006,4.109,308,311.5,0,0,0,0,0,0,1,100
2025-08-17 20:20:36,10,9,15,14,9,14,4.001,4.108,308.1,311.6,0,0,0,0,0,0,1,100
2025-08-17 20:20:46,10,9,15,14,9,14,4.002,4.109,308,311.4,0,0,0,0,0,0,1,100
2025-08-17 20:20:56,10,9,15,14,9,14,4.003,4.105,308.2,311.3,0,0,0,0,0,0,1,100
2025-08-17 20:21:06,10,9,15,14,9,14,4.001,4.106,308.3,311.3,0,0,0,0,0,0,1,100
2025-08-17 20:21:16,10,9,15,14,9,13,4.003,4.105,308.1,311.5,0,0,0,0,0,0,1,100
2025-08-17 20:21:26,10,9,15,14,9,14,3.999,4.107,308.1,311.5,0,0,0,0,0,0,1,100
2025-08-17 20:21:36,10,9,14,13,9,13,4.003,4.109,308.2,311.3,0,0,0,0,0,0,1,100
2025-08-17 20:21:46,10,9,15,14,9,14,4.002,4.111,308.1,311.4,0,0,0,0,0,0,1,100
2025-08-17 20:21:56,10,9,15,14,9,14,4.002,4.113,308.1,311.4,0,0,0,0,0,0,1,100
2025-08-17 20:22:06,10,9,15,13,9,13,4.001,4.109,308.3,311.5,0,0,0,0,0,0,1,100
2025-08-17 20:22:17,10,9,15,14,9,14,4.003,4.107,308.1,311.2,0,0,0,0,0,0,1,100
2025-08-17 20:22:27,10,9,15,14,9,14,4,4.109,308.2,311.3,0,0,0,0,0,0,1,100
2025-08-17 20:22:37,10,9,15,14,10,14,4.002,4.108,308,311.5,0,0,0,0,0,0,1,100
2025-08-17 20:22:47,10,9,15,14,9,13,3.997,4.109,308,311.2,0,0,0,0,0,0,1,100
2025-08-17 20:22:57,10,9,15,14,9,14,4.002,4.108,308.1,311.5,0,0,0,0,0,0,1,100
2025-08-17 20:23:07,10,10,15,14,10,14,4,4.109,308.1,311.6,0,0,0,0,0,0,1,100
2025-08-17 20:23:17,10,9,15,14,9,14,4,4.107,307.4,311.4,0,0,0,0,0,0,1,100
2025-08-17 20:23:27,10,10,15,14,9,14,4.005,4.108,308.1,311.5,0,0,0,0,0,0,1,100
2025-08-17 20:23:37,10,9,15,14,9,14,4.001,4.108,308.1,311.4,0,0,0,0,0,0,1,100
2025-08-17 20:23:47,10,9,15,14,9,14,4.001,4.112,308.1,311.5,0,0,0,0,0,0,1,100
2025-08-17 20:23:57,10,9,15,14,9,14,4.002,4.107,308.2,311.5,0,0,0,0,0,0,1,100
2025-08-17 20:24:07,10,9,15,14,9,14,4.005,4.108,308.2,311.4,0,0,0,0,0,0,1,100
2025-08-17 20:24:18,10,9,15,14,9,14,3.999,4.107,307.4,311.7,0,0,0,0,0,0,1,100
2025-08-17 20:24:28,10,10,15,14,9,14,4.002,4.107,308.1,311.4,0,0,0,0,0,0,1,100
2025-08-17 20:24:38,10,10,15,14,9,14,4.005,4.105,308.3,311.4,0,0,0,0,0,0,1,100
2025-08-17 20:24:48,10,10,15,14,9,14,4.003,4.11,308.1,311.4,0,0,0,0,0,0,1,100
2025-08-17 20:24:58,10,9,14,14,9,14,4.004,4.109,308,311.3,0,0,0,0,0,0,1,100
2025-08-17 20:25:08,10,9,15,14,9,14,4.006,4.109,308,311.5,0,0,0,0,0,0,1,100
2025-08-17 20:25:18,10,9,15,14,9,13,4.002,4.108,308.1,311.4,0,0,0,0,0,0,1,100
2025-08-17 20:25:28,10,9,15,14,9,14,4.001,4.108,308.3,311.3,0,0,0,0,0,0,1,100
2025-08-17 20:25:38,10,10,15,14,10,14,4.003,4.106,308,311.6,0,0,0,0,0,0,1,100
2025-08-17 20:25:49,10,9,15,14,9,13,4.002,4.109,307.9,311.5,0,0,0,0,0,0,1,100
2025-08-17 20:25:59,10,9,15,14,9,13,4.002,4.108,307.9,311.2,0,0,0,0,0,0,1,100
2025-08-17 20:26:09,10,9,15,14,9,14,3.998,4.108,307.9,311.6,0,0,0,0,0,0,1,100
2025-08-17 20:26:19,10,10,15,14,10,13,4.005,4.108,308,311.4,0,0,0,0,0,0,1,100
2025-08-17 20:26:29,10,9,15,14,9,13,4.004,4.109,307.9,311.6,0,0,0,0,0,0,1,100
2025-08-17 20:26:39,10,9,15,14,9,14,4.006,4.106,307.6,311.7,0,0,0,0,0,0,1,100
2025-08-17 20:26:49,10,9,15,14,10,14,4.004,4.105,308.1,311.7,0,0,0,0,0,0,1,100
2025-08-17 20:26:59,10,9,15,14,9,14,4.001,4.103,308.2,311.4,0,0,0,0,0,0,1,100
2025-08-17 20:27:09,10,10,15,14,9,14,4.002,4.105,308,310.9,0,0,0,0,0,0,1,100
2025-08-17 20:27:19,10,9,15,13,9,13,4.008,4.106,308.1,311.3,0,0,0,0,0,0,1,100
2025-08-17 20:27:30,10,9,15,14,9,14,4.002,4.107,307.8,311.5,0,0,0,0,0,0,1,100
2025-08-17 20:27:40,10,9,15,14,9,14,4.002,4.104,307.9,311.3,0,0,0,0,0,0,1,100
2025-08-17 20:27:50,10,9,15,14,10,13,4,4.107,307.8,311.6,0,0,0,0,0,0,1,100
2025-08-17 20:28:00,10,9,14,14,9,14,4.002,4.103,308,311.3,0,0,0,0,0,0,1,100
2025-08-17 20:28:10,10,9,15,14,10,13,4,4.105,307.8,311.5,0,0,0,0,0,0,1,100
2025-08-17 20:28:20,10,9,15,14,9,14,4.001,4.106,308.1,311.4,0,0,0,0,0,0,1,100
2025-08-17 20:28:30,10,9,15,14,9,13,4.003,4.105,308.1,311.2,0,0,0,0,0,0,1,100
2025-08-17 20:28:40,10,9,15,14,9,14,4.004,4.107,307.8,311.1,0,0,0,0,0,0,1,100
2025-08-17 20:28:50,10,9,15,14,10,14,4.002,4.107,307.8,311.5,0,0,0,0,0,0,1,100
2025-08-17 20:29:00,9,9,15,14,9,14,4.002,4.109,308.1,311.6,0,0,0,0,0,0,1,100
2025-08-17 20:29:10,10,9,15,14,9,14,4.002,4.109,307.9,311.3,0,0,0,0,0,0,1,100
2025-08-17 20:29:20,10,9,15,14,9,14,4.005,4.107,308.2,311.3,0,0,0,0,0,0,1,100
2025-08-17 20:29:31,10,9,15,14,9,14,4.003,4.107,308,311.4,0,0,0,0,0,0,1,100
2025-08-17 20:29:41,10,9,15,14,9,14,4.006,4.109,308,311.4,0,0,0,0,0,0,1,100
2025-08-17 20:29:51,10,10,15,14,9,14,4.003,4.108,308.1,311.3,0,0,0,0,0,0,1,100
2025-08-17 20:30:01,10,9,15,14,9,13,4.001,4.107,308.2,311.5,0,0,0,0,0,0,1,100
2025-08-17 20:30:11,10,9,15,14,9,14,4.006,4.11,308.1,311.6,0,0,0,0,0,0,1,100
2025-08-17 20:30:21,10,9,15,14,9,14,4.001,4.108,308,311.2,0,0,0,0,0,0,1,100
2025-08-17 20:30:31,10,9,15,14,9,15,4.003,4.106,307.7,311.6,0,0,0,0,0,0,1,100
2025-08-17 20:30:41,10,9,15,14,9,14,4.001,4.103,308,311.7,0,0,0,0,0,0,1,100
2025-08-17 20:30:51,10,9,15,14,9,14,4,4.106,308.1,311.5,0,0,0,0,0,0,1,100
2025-08-17 20:31:01,10,9,15,14,9,14,4.001,4.107,307.9,311.4,0,0,0,0,0,0,1,100
2025-08-17 20:31:11,10,9,15,14,10,13,4.005,4.102,307.9,311.4,0,0,0,0,0,0,1,100
2025-08-17 20:31:21,10,9,14,14,9,14,4.003,4.108,308,311.5,0,0,0,0,0,0,1,100
2025-08-17 20:31:32,10,10,15,14,9,14,4.007,4.109,308,311.6,0,0,0,0,0,0,1,100
2025-08-17 20:31:42,10,9,15,14,9,14,4.005,4.11,308,311.5,0,0,0,0,0,0,1,100
2025-08-17 20:31:52,9,9,15,14,9,14,4.003,4.107,308,311.4,0,0,0,0,0,0,1,100
2025-08-17 20:32:02,10,9,15,14,9,14,4.004,4.104,308,311.2,0,0,0,0,0,0,1,100
2025-08-17 20:32:12,10,9,15,14,9,14,4.005,4.103,308.2,311.5,0,0,0,0,0,0,1,100
2025-08-17 20:32:22,10,9,15,14,9,14,4.002,4.106,307.5,311.6,0,0,0,0,0,0,1,100
2025-08-17 20:32:32,10,9,15,14,9,13,4,4.106,307.8,311.6,0,0,0,0,0,0,1,100
2025-08-17 20:32:42,10,9,15,14,9,14,3.997,4.106,307.9,311.2,0,0,0,0,0,0,1,100
2025-08-17 20:32:52,10,9,15,13,9,14,3.999,4.107,308.2,311.6,0,0,0,0,0,0,1,100
2025-08-17 20:33:02,10,9,15,14,9,13,4,4.106,308.1,311.4,0,0,0,0,0,0,1,100
2025-08-17 20:33:12,10,9,15,14,9,13,4,4.106,308,311.4,0,0,0,0,0,0,1,100
2025-08-17 20:33:22,10,9,15,14,9,13,4.001,4.107,308.3,311.4,0,0,0,0,0,0,1,100
2025-08-17 20:33:32,10,9,15,14,9,14,3.998,4.105,308.1,311.5,0,0,0,0,0,0,1,100
2025-08-17 20:33:42,10,9,15,14,9,14,4.002,4.103,308.1,311.3,0,0,0,0,0,0,1,100
2025-08-17 20:33:53,10,10,15,14,10,14,4.003,4.101,308,311.4,0,0,0,0,0,0,1,100
2025-08-17 20:34:03,10,9,15,14,9,14,4.004,4.105,308.1,311.6,0,0,0,0,0,0,1,100
2025-08-17 20:34:13,10,9,15,14,9,14,4.005,4.103,307.9,311.8,0,0,0,0,0,0,1,100
2025-08-17 20:34:23,10,9,15,14,9,14,4.003,4.103,307.9,311.3,0,0,0,0,0,0,1,100
2025-08-17 20:34:33,10,9,15,14,9,14,4.002,4.108,308.1,311.3,0,0,0,0,0,0,1,100
2025-08-17 20:34:43,10,9,15,14,9,14,4.003,4.107,308,311.6,0,0,0,0,0,0,1,100
2025-08-17 20:34:53,10,9,15,14,9,14,3.998,4.105,307.9,311.2,0,0,0,0,0,0,1,100
2025-08-17 20:35:03,11,9,16,14,9,13,4,4.106,307.9,311.7,0,0,0,0,0,0,1,100
2025-08-17 20:35:13,10,10,15,14,9,13,4,4.103,308,311.5,0,0,0,0,0,0,1,100
2025-08-17 20:35:23,10,9,15,14,9,14,4.005,4.106,308,311.6,0,0,0,0,0,0,1,100
2025-08-17 20:35:34,10,9,15,14,9,14,4.002,4.106,308.1,311.7,0,0,0,0,0,0,1,100
2025-08-17 20:35:44,10,9,15,14,9,14,3.998,4.107,308,311.6,0,0,0,0,0,0,1,100
2025-08-17 20:35:54,10,9,15,14,9,14,4.002,4.11,307.9,311.5,0,0,0,0,0,0,1,100
2025-08-17 20:36:04,10,9,15,14,9,14,4.004,4.109,308,311.5,0,0,0,0,0,0,1,100
2025-08-17 20:36:14,10,9,15,14,9,13,4.001,4.106,307.9,311.5,0,0,0,0,0,0,1,100
2025-08-17 20:36:24,10,9,15,14,9,14,4.001,4.105,308,311.5,0,0,0,0,0,0,1,100
2025-08-17 20:36:34,10,9,15,14,9,14,4.001,4.108,308.1,311.6,0,0,0,0,0,0,1,100
2025-08-17 20:36:44,10,9,15,14,9,13,4.002,4.103,308,311.5,0,0,0,0,0,0,1,100
2025-08-17 20:36:54,10,9,15,14,9,13,4.001,4.103,308,311.3,0,0,0,0,0,0,1,100
2025-08-17 20:37:04,10,9,15,14,9,14,4.001,4.103,307.8,311.5,0,0,0,0,0,0,1,100
2025-08-17 20:37:14,10,9,15,14,9,14,4.002,4.104,308,311.7,0,0,0,0,0,0,1,100
2025-08-17 20:37:24,10,9,15,13,9,13,4.001,4.101,307.9,311.5,0,0,0,0,0,0,1,100
2025-08-17 20:37:34,10,9,15,14,9,14,4,4.102,307.8,311.7,0,0,0,0,0,0,1,100
2025-08-17 20:37:45,10,9,15,14,9,14,4,4.101,307.7,311.9,0,0,0,0,0,0,1,100
2025-08-17 20:37:55,10,10,15,14,9,14,4.001,4.107,307.7,311.6,0,0,0,0,0,0,1,100
2025-08-17 20:38:05,10,9,15,14,9,14,3.998,4.107,308,311.7,0,0,0,0,0,0,1,100
2025-08-17 20:38:15,10,9,15,14,9,14,4,4.105,307.9,311.7,0,0,0,0,0,0,1,100
2025-08-17 20:38:25,11,9,15,14,9,14,4,4.106,308,311.6,0,0,0,0,0,0,1,100
2025-08-17 20:38:35,10,9,15,14,9,13,4,4.108,307.7,311.8,0,0,0,0,0,0,1,100
2025-08-17 20:38:45,10,9,15,14,9,14,3.999,4.108,308,311.9,0,0,0,0,0,0,1,100
2025-08-17 20:38:55,10,9,15,14,9,13,3.998,4.108,307.8,311.7,0,0,0,0,0,0,1,100
2025-08-17 20:39:05,10,9,15,14,9,14,3.997,4.106,307.9,311.7,0,0,0,0,0,0,1,100
2025-08-17 20:39:15,10,10,15,14,9,14,3.998,4.107,307.8,311.3,0,0,0,0,0,0,1,100
2025-08-17 20:39:25,10,10,15,14,9,14,3.997,4.104,307.8,311.9,0,0,0,0,0,0,1,100
2025-08-17 20:39:36,10,9,15,14,9,14,3.998,4.112,307.9,311.9,0,0,0,0,0,0,1,100
2025-08-17 20:39:46,10,9,15,14,9,14,3.995,4.109,307.8,311.6,0,0,0,0,0,0,1,100
2025-08-17 20:39:56,10,9,15,14,9,13,4.002,4.109,307.8,311.7,0,0,0,0,0,0,1,100
2025-08-17 20:40:06,10,9,15,14,9,14,3.998,4.109,307.8,311.4,0,0,0,0,0,0,1,100
2025-08-17 20:40:16,10,9,15,14,9,13,4,4.109,307.6,311.5,0,0,0,0,0,0,1,100
2025-08-17 20:40:26,10,9,15,14,9,14,4,4.109,307.8,311.6,0,0,0,0,0,0,1,100
2025-08-17 20:40:36,10,9,15,14,9,14,4.002,4.106,307.7,311.6,0,0,0,0,0,0,1,100
2025-08-17 20:40:46,10,9,15,14,9,14,4,4.106,307.8,311.5,0,0,0,0,0,0,1,100
2025-08-17 20:40:56,10,9,15,14,9,13,3.998,4.109,307.9,311.3,0,0,0,0,0,0,1,100
2025-08-17 20:41:06,10,9,15,13,9,14,3.999,4.108,307.8,311.4,0,0,0,0,0,0,1,100
2025-08-17 20:41:17,10,9,15,14,9,13,3.999,4.108,307.8,311.6,0,0,0,0,0,0,1,100
2025-08-17 20:41:27,10,10,15,14,9,13,3.998,4.108,307.7,311.3,0,0,0,0,0,0,1,100
2025-08-17 20:41:37,10,9,15,14,9,13,3.994,4.108,307.9,311.5,0,0,0,0,0,0,1,100
2025-08-17 20:41:47,10,9,15,14,9,14,4.001,4.106,307.9,311.5,0,0,0,0,0,0,1,100
2025-08-17 20:41:57,10,10,15,14,9,13,3.995,4.105,307.8,311.6,0,0,0,0,0,0,1,100
2025-08-17 20:42:07,10,9,15,14,9,14,3.999,4.108,307.7,311.6,0,0,0,0,0,0,1,100
2025-08-17 20:42:17,10,9,15,14,9,13,3.999,4.107,307.6,311.5,0,0,0,0,0,0,1,100
2025-08-17 20:42:27,10,9,15,14,9,14,4,4.106,307.8,311.7,0,0,0,0,0,0,1,100
2025-08-17 20:42:37,10,9,15,14,9,14,4.004,4.107,307.7,311.6,0,0,0,0,0,0,1,100
2025-08-17 20:42:47,10,9,15,13,9,14,4.003,4.106,307.8,311.5,0,0,0,0,0,0,1,100
2025-08-17 20:42:57,10,9,14,14,9,14,4,4.107,307.8,311.5,0,0,0,0,0,0,1,100
2025-08-17 20:43:08,10,9,15,14,9,14,4.002,4.106,307.9,311.5,0,0,0,0,0,0,1,100
2025-08-17 20:43:18,10,10,15,14,9,13,4.004,4.106,308.1,311.6,0,0,0,0,0,0,1,100
2025-08-17 20:43:28,10,9,15,14,9,13,4.002,4.106,307.7,311.3,0,0,0,0,0,0,1,100
2025-08-17 20:43:38,10,9,15,14,9,14,4.001,4.106,307.8,311.6,0,0,0,0,0,0,1,100
2025-08-17 20:43:48,10,9,15,14,9,14,4.003,4.109,307.8,311.3,0,0,0,0,0,0,1,100
2025-08-17 20:43:58,10,9,15,14,9,13,4.005,4.105,307.8,311.6,0,0,0,0,0,0,1,100
2025-08-17 20:44:08,10,9,15,14,10,14,4.003,4.108,308,311.9,0,0,0,0,0,0,1,100
2025-08-17 20:44:18,10,9,15,14,9,14,4,4.107,307.7,311.6,0,0,0,0,0,0,1,100
2025-08-17 20:44:28,10,10,15,14,9,13,4.002,4.108,307.7,311.5,0,0,0,0,0,0,1,100
2025-08-17 20:44:38,10,9,15,14,9,14,4.001,4.105,307.8,311.6,0,0,0,0,0,0,1,100
2025-08-17 20:44:49,9,9,15,14,9,14,4.005,4.105,307.5,311.7,0,0,0,0,0,0,1,100
2025-08-17 20:44:59,10,9,15,14,9,14,4,4.106,307.8,311.6,0,0,0,0,0,0,1,100
2025-08-17 20:45:09,10,9,15,14,9,13,4.002,4.104,307.7,311.5,0,0,0,0,0,0,1,100
2025-08-17 20:45:19,10,9,15,14,9,14,4,4.106,307.5,311.6,0,0,0,0,0,0,1,100
2025-08-17 20:45:29,10,9,15,14,9,14,4.001,4.105,307.7,311.5,0,0,0,0,0,0,1,100
2025-08-17 20:45:39,10,9,14,14,9,13,3.997,4.109,307.9,311.4,0,0,0,0,0,0,1,100
2025-08-17 20:45:49,10,9,15,14,9,14,4.001,4.11,307.5,311.2,0,0,0,0,0,0,1,100
2025-08-17 20:45:59,10,9,15,14,9,13,4.004,4.112,307.6,311.4,0,0,0,0,0,0,1,100
2025-08-17 20:46:10,10,9,15,14,9,14,4,4.106,307.6,311.4,0,0,0,0,0,0,1,100
2025-08-17 20:46:20,10,9,15,14,9,14,4.002,4.111,307.7,311.6,0,0,0,0,0,0,1,100
2025-08-17 20:46:30,10,9,15,14,9,14,4,4.106,307.7,311.5,0,0,0,0,0,0,1,100
2025-08-17 20:46:40,10,9,15,14,9,13,4.004,4.11,307.7,311.3,0,0,0,0,0,0,1,100
2025-08-17 20:46:50,10,9,15,14,8,13,3.997,4.107,307.8,311.5,0,0,0,0,0,0,1,100
2025-08-17 20:47:00,10,9,15,14,10,13,4.001,4.108,307.9,311.3,0,0,0,0,0,0,1,100
2025-08-17 20:47:10,10,10,15,14,9,14,4.004,4.106,307.7,311.6,0,0,0,0,0,0,1,100
2025-08-17 20:47:20,10,9,15,14,9,13,4.002,4.108,307.8,311.5,0,0,0,0,0,0,1,100
2025-08-17 20:47:30,10,9,15,14,9,14,4,4.1,307.8,311.2,0,0,0,0,0,0,1,100
2025-08-17 20:47:40,10,10,15,14,9,14,4.006,4.103,307.7,311.5,0,0,0,0,0,0,1,100
2025-08-17 20:47:51,10,9,15,14,9,14,4.007,4.108,307.6,311.3,0,0,0,0,0,0,1,100
2025-08-17 20:48:01,10,9,15,14,10,14,4.001,4.106,308,311.5,0,0,0,0,0,0,1,100
2025-08-17 20:48:11,10,9,15,14,9,14,4.004,4.107,307.8,311.5,0,0,0,0,0,0,1,100
2025-08-17 20:48:21,10,9,15,14,9,14,4.005,4.108,307.8,311.6,0,0,0,0,0,0,1,100
2025-08-17 20:48:31,10,10,15,14,9,14,4.006,4.109,307.5,311.4,0,0,0,0,0,0,1,100
2025-08-17 20:48:41,10,9,15,14,9,14,4.005,4.11,307.9,311.5,0,0,0,0,0,0,1,100
2025-08-17 20:48:51,10,9,14,14,9,14,4.004,4.108,307.8,311.4,0,0,0,0,0,0,1,100
2025-08-17 20:49:02,10,10,15,14,9,14,4.005,4.105,307.5,311.4,0,0,0,0,0,0,1,100
2025-08-17 20:49:12,10,10,15,14,9,14,4.006,4.107,308.1,311.6,0,0,0,0,0,0,1,100
2025-08-17 20:49:22,10,9,15,14,9,14,4.007,4.111,308,311.3,0,0,0,0,0,0,1,100
2025-08-17 20:49:32,10,9,14,14,9,13,4.004,4.108,307.8,311.3,0,0,0,0,0,0,1,100
2025-08-17 20:49:42,10,10,15,14,9,13,4.005,4.108,307.9,311.4,0,0,0,0,0,0,1,100
2025-08-17 20:49:52,10,9,15,14,9,14,4,4.107,307.8,311.4,0,0,0,0,0,0,1,100
2025-08-17 20:50:02,10,9,15,14,9,13,4.006,4.107,307.9,311.2,0,0,0,0,0,0,1,100
2025-08-17 20:50:13,10,9,15,14,9,14,4.002,4.109,308,311.4,0,0,0,0,0,0,1,100
2025-08-17 20:50:23,9,9,15,14,9,14,4.002,4.108,307.9,311.4,0,0,0,0,0,0,1,100
2025-08-17 20:50:33,10,9,15,14,9,14,4.006,4.106,308,311.5,0,0,0,0,0,0,1,100
2025-08-17 20:50:43,10,9,15,14,9,14,4.006,4.107,307.8,311.2,0,0,0,0,0,0,1,100
2025-08-17 20:50:53,10,10,15,14,9,14,4.005,4.109,307.8,311.2,0,0,0,0,0,0,1,100
2025-08-17 20:51:03,10,9,15,14,9,13,4.007,4.11,308.3,311.2,0,0,0,0,0,0,1,100
2025-08-17 20:51:13,10,10,15,14,9,14,4.005,4.104,307.6,311,0,0,0,0,0,0,1,100
2025-08-17 20:51:23,10,9,15,14,9,14,4.001,4.105,307.8,311.4,0,0,0,0,0,0,1,100
2025-08-17 20:51:34,10,9,15,14,9,14,4.003,4.107,307.9,311.3,0,0,0,0,0,0,1,100
2025-08-17 20:51:44,10,10,15,14,10,13,4.004,4.106,307.8,311.5,0,0,0,0,0,0,1,100
2025-08-17 20:51:54,10,9,15,14,9,13,4.003,4.109,308.1,311.5,0,0,0,0,0,0,1,100
2025-08-17 20:52:04,10,9,15,14,9,14,4,4.105,307.9,311.5,0,0,0,0,0,0,1,100
2025-08-17 20:52:14,10,9,15,14,9,13,4.006,4.106,307.7,311.4,0,0,0,0,0,0,1,100
2025-08-17 20:52:24,10,10,15,14,9,14,4.006,4.109,308,311.6,0,0,0,0,0,0,1,100
2025-08-17 20:52:34,10,9,15,14,9,14,4.004,4.108,308,311.5,0,0,0,0,0,0,1,100
2025-08-17 20:52:44,10,10,15,14,9,14,4.005,4.108,307.6,311.7,0,0,0,0,0,0,1,100
2025-08-17 20:52:55,10,9,16,14,9,14,4.005,4.105,307.8,311.5,0,0,0,0,0,0,1,100
2025-08-17 20:53:05,10,9,15,14,9,14,4.008,4.109,307.8,311.6,0,0,0,0,0,0,1,100
2025-08-17 20:53:15,10,9,15,14,9,13,4.005,4.11,307.5,311.6,0,0,0,0,0,0,1,100
2025-08-17 20:53:25,10,9,15,14,9,13,4.006,4.109,308.1,311.4,0,0,0,0,0,0,1,100
2025-08-17 20:53:35,10,9,15,13,9,14,4.004,4.109,308,311.4,0,0,0,0,0,0,1,100
2025-08-17 20:53:45,10,9,15,14,9,13,4.002,4.111,308,311.6,0,0,0,0,0,0,1,100
2025-08-17 20:53:55,9,9,15,14,9,14,4.004,4.107,308,311.7,0,0,0,0,0,0,1,100
2025-08-17 20:54:05,10,10,15,14,10,14,4.005,4.109,307.9,311.2,0,0,0,0,0,0,1,100
2025-08-17 20:54:15,10,9,15,14,9,14,4.004,4.111,308,311.3,0,0,0,0,0,0,1,100
2025-08-17 20:54:26,10,9,15,14,9,14,4.005,4.11,307.8,311.6,0,0,0,0,0,0,1,100
2025-08-17 20:54:36,10,9,15,14,10,14,4.004,4.106,307.8,311.6,0,0,0,0,0,0,1,100
2025-08-17 20:54:46,10,9,15,14,10,14,4.006,4.109,308,311.5,0,0,0,0,0,0,1,100
2025-08-17 20:54:56,10,9,15,14,9,14,4.002,4.109,308.1,311.7,0,0,0,0,0,0,1,100
2025-08-17 20:55:06,10,9,15,14,9,14,3.998,4.108,308,311.5,0,0,0,0,0,0,1,100
2025-08-17 20:55:16,9,9,15,14,10,13,4,4.107,307.9,311.6,0,0,0,0,0,0,1,100
2025-08-17 20:55:26,10,9,15,14,9,14,4,4.108,307.9,311.5,0,0,0,0,0,0,1,100
2025-08-17 20:55:36,10,9,15,14,9,14,3.998,4.106,307.8,311.6,0,0,0,0,0,0,1,100
2025-08-17 20:55:46,10,9,15,13,9,14,4.003,4.108,307.9,311.6,0,0,0,0,0,0,1,100
2025-08-17 20:55:56,10,9,15,14,9,14,4.001,4.109,307.7,311.7,0,0,0,0,0,0,1,100
2025-08-17 20:56:06,10,9,15,13,9,13,4,4.109,308,312,0,0,0,0,0,0,1,100
2025-08-17 20:56:17,10,9,15,14,9,14,4.004,4.109,307.9,311.5,0,0,0,0,0,0,1,100
2025-08-17 20:56:27,10,9,15,14,9,14,4.008,4.109,308,311.5,0,0,0,0,0,0,1,100
2025-08-17 20:56:37,10,10,15,14,9,14,4.001,4.106,307.8,311.4,0,0,0,0,0,0,1,100
2025-08-17 20:56:47,9,9,15,14,9,14,4.002,4.11,307.8,311.5,0,0,0,0,0,0,1,100
2025-08-17 20:56:57,10,9,15,14,9,14,4.006,4.109,307.9,311.6,0,0,0,0,0,0,1,100
2025-08-17 20:57:07,10,9,15,14,9,14,4.002,4.109,307.7,311.5,0,0,0,0,0,0,1,100
2025-08-17 20:57:17,10,9,15,14,9,14,3.999,4.109,307.8,311.3,0,0,0,0,0,0,1,100
2025-08-17 20:57:27,10,9,15,14,9,13,4,4.109,307.6,311.6,0,0,0,0,0,0,1,100
2025-08-17 20:57:37,10,9,15,14,9,13,3.998,4.11,307.6,311.8,0,0,0,0,0,0,1,100
2025-08-17 20:57:48,10,9,15,14,9,13,3.999,4.108,307.8,311.3,0,0,0,0,0,0,1,100
2025-08-17 20:57:58,9,9,15,14,9,14,4.006,4.109,307.8,311.6,0,0,0,0,0,0,1,100
2025-08-17 20:58:08,10,9,15,14,9,14,4.006,4.111,307.7,311.5,0,0,0,0,0,0,1,100
2025-08-17 20:58:18,9,9,15,14,9,14,4.004,4.107,307.9,311.5,0,0,0,0,0,0,1,100
2025-08-17 20:58:28,10,9,15,14,10,14,4.006,4.108,307.7,311.9,0,0,0,0,0,0,1,100
2025-08-17 20:58:38,10,9,15,14,9,13,4.009,4.109,308,311.6,0,0,0,0,0,0,1,100
2025-08-17 20:58:48,10,9,15,14,9,13,4.004,4.11,308,311.5,0,0,0,0,0,0,1,100
2025-08-17 20:58:58,10,10,15,14,9,13,4.006,4.109,307.9,311.6,0,0,0,0,0,0,1,100
2025-08-17 20:59:09,10,9,15,14,9,14,4.002,4.109,307.7,311.5,0,0,0,0,0,0,1,100
2025-08-17 20:59:19,10,10,15,14,9,14,3.999,4.109,307.8,311.4,0,0,0,0,0,0,1,100
2025-08-17 20:59:29,10,10,15,14,9,14,4.005,4.109,307.7,311.5,0,0,0,0,0,0,1,100
2025-08-17 20:59:39,10,9,15,14,9,13,4.002,4.11,307.9,311.3,0,0,0,0,0,0,1,100
2025-08-17 20:59:49,10,10,15,14,9,14,4.005,4.108,307.9,311.6,0,0,0,0,0,0,1,100
2025-08-17 20:59:59,10,9,16,14,9,14,4.012,4.109,308.1,311.8,0,0,0,0,0,0,1,100
2025-08-17 21:00:09,10,9,15,14,9,14,4.011,4.108,307.9,311.6,0,0,0,0,0,0,1,100
2025-08-17 21:00:19,10,9,15,14,9,13,4.005,4.113,307.6,311.5,0,0,0,0,0,0,1,100
2025-08-17 21:00:30,10,9,15,14,9,13,3.999,4.106,307.9,311.5,0,0,0,0,0,0,1,100
2025-08-17 21:00:40,10,9,14,14,9,13,4.003,4.108,307.8,311.5,0,0,0,0,0,0,1,100
2025-08-17 21:00:50,10,9,15,14,9,14,4.003,4.106,307.7,311.3,0,0,0,0,0,0,1,100
2025-08-17 21:01:00,10,9,15,14,9,13,4.009,4.105,307.8,311.3,0,0,0,0,0,0,1,100
2025-08-17 21:01:10,10,9,15,14,9,14,4.003,4.104,307.9,311.6,0,0,0,0,0,0,1,100
2025-08-17 21:01:20,10,10,15,14,9,13,4.007,4.105,308,311.6,0,0,0,0,0,0,1,100
2025-08-17 21:01:30,10,9,15,14,9,14,4.006,4.106,307.7,311.5,0,0,0,0,0,0,1,100
2025-08-17 21:01:40,10,9,15,14,9,13,4.006,4.106,307.8,311.7,0,0,0,0,0,0,1,100
2025-08-17 21:01:51,10,9,15,14,9,14,4.007,4.107,307.8,311.6,0,0,0,0,0,0,1,100
2025-08-17 21:02:01,10,9,15,14,9,14,4.006,4.107,307.7,311.5,0,0,0,0,0,0,1,100
2025-08-17 21:02:11,10,9,15,14,9,13,4.007,4.108,307.9,311.1,0,0,0,0,0,0,1,100
2025-08-17 21:02:21,10,9,15,14,9,14,4.005,4.106,307.8,311.6,0,0,0,0,0,0,1,100
2025-08-17 21:02:31,10,9,15,14,9,14,4.006,4.108,307.9,311.3,0,0,0,0,0,0,1,100
2025-08-17 21:02:41,10,9,15,14,9,14,4.003,4.106,307.8,311.5,0,0,0,0,0,0,1,100
2025-08-17 21:02:51,10,9,15,14,9,14,4.003,4.105,307.9,311.4,0,0,0,0,0,0,1,100
2025-08-17 21:03:01,10,9,15,14,10,13,4.007,4.107,307.8,311.6,0,0,0,0,0,0,1,100
2025-08-17 21:03:12,10,9,15,14,9,14,4.008,4.108,307.8,311.3,0,0,0,0,0,0,1,100
2025-08-17 21:03:22,10,9,16,14,9,13,4,4.107,308,311.7,0,0,0,0,0,0,1,100
2025-08-17 21:03:32,10,9,15,14,9,14,4.004,4.107,307.9,311.6,0,0,0,0,0,0,1,100
2025-08-17 21:03:42,10,10,15,14,9,14,4.006,4.11,307.9,311.8,0,0,0,0,0,0,1,100
2025-08-17 21:03:52,10,9,15,14,9,14,4.007,4.11,307.9,311.5,0,0,0,0,0,0,1,100
2025-08-17 21:04:02,10,9,15,14,9,13,4.006,4.106,307.9,311.6,0,0,0,0,0,0,1,100
2025-08-17 21:04:12,10,9,15,14,9,14,4.009,4.109,307.8,311.4,0,0,0,0,0,0,1,100
2025-08-17 21:04:22,10,9,15,14,9,14,4.005,4.109,307.4,311.5,0,0,0,0,0,0,1,100
2025-08-17 21:04:32,10,9,15,14,9,14,4.006,4.107,307.7,311.6,0,0,0,0,0,0,1,100
2025-08-17 21:04:43,10,9,15,14,9,14,4.002,4.106,307.9,311.4,0,0,0,0,0,0,1,100
2025-08-17 21:04:53,10,9,15,14,9,14,4.008,4.108,307.8,311.5,0,0,0,0,0,0,1,100
2025-08-17 21:05:03,10,9,15,14,9,14,4.008,4.104,307.6,311.4,0,0,0,0,0,0,1,100
2025-08-17 21:05:13,10,9,15,14,10,13,4.005,4.108,307.9,311.4,0,0,0,0,0,0,1,100
2025-08-17 21:05:23,10,9,15,14,9,14,4,4.108,307.8,311.6,0,0,0,0,0,0,1,100
2025-08-17 21:05:33,10,9,15,14,9,13,4.012,4.111,307.4,311.6,0,0,0,0,0,0,1,100
2025-08-17 21:05:43,10,9,15,14,9,14,4.007,4.105,307.3,311.5,0,0,0,0,0,0,1,100
2025-08-17 21:05:53,10,10,15,14,10,14,4.012,4.106,307.9,311.6,0,0,0,0,0,0,1,100
2025-08-17 21:06:04,11,9,15,14,9,14,4.006,4.105,307.9,311.5,0,0,0,0,0,0,1,100
2025-08-17 21:06:14,10,9,15,14,9,13,4,4.106,307.8,311.5,0,0,0,0,0,0,1,100
2025-08-17 21:06:24,10,9,16,14,9,14,4.003,4.109,307.8,311.5,0,0,0,0,0,0,1,100
2025-08-17 21:06:34,10,9,15,14,9,13,4.006,4.106,307.9,311.4,0,0,0,0,0,0,1,100
2025-08-17 21:06:44,10,9,15,14,9,14,4.004,4.107,308,311.3,0,0,0,0,0,0,1,100
2025-08-17 21:06:54,10,9,15,14,9,14,4.005,4.108,307.9,311.6,0,0,0,0,0,0,1,100
2025-08-17 21:07:04,10,10,15,14,9,14,4.008,4.11,307.9,311.7,0,0,0,0,0,0,1,100
2025-08-17 21:07:14,10,9,15,13,9,14,4.009,4.11,307.6,311.5,0,0,0,0,0,0,1,100
2025-08-17 21:07:25,10,10,15,14,9,13,4.002,4.106,307.7,311.5,0,0,0,0,0,0,1,100
2025-08-17 21:07:35,10,9,15,14,9,13,4.006,4.109,307.8,311.5,0,0,0,0,0,0,1,100
2025-08-17 21:07:45,10,9,15,13,9,14,4.01,4.109,307.9,311.6,0,0,0,0,0,0,1,100
2025-08-17 21:07:55,10,9,15,14,9,14,4.006,4.105,307.5,311.6,0,0,0,0,0,0,1,100
2025-08-17 21:08:05,10,9,15,14,9,14,4.005,4.103,307.9,311.6,0,0,0,0,0,0,1,100
2025-08-17 21:08:15,10,9,15,14,9,14,4.007,4.108,307.9,311.7,0,0,0,0,0,0,1,100
2025-08-17 21:08:25,10,9,15,14,9,14,4.008,4.104,307.9,311.5,0,0,0,0,0,0,1,100
2025-08-17 21:08:35,10,10,15,14,9,13,4.005,4.108,307.9,311.3,0,0,0,0,0,0,1,100
2025-08-17 21:08:46,10,9,15,14,9,14,4.011,4.104,307.9,311.7,0,0,0,0,0,0,1,100
2025-08-17 21:08:56,10,10,15,14,9,14,4.003,4.107,307.8,311.6,0,0,0,0,0,0,1,100
2025-08-17 21:09:06,10,10,15,14,9,13,4.006,4.106,307.9,311.6,0,0,0,0,0,0,1,100
2025-08-17 21:09:16,10,9,15,14,9,13,4.009,4.106,307.7,311.6,0,0,0,0,0,0,1,100
2025-08-17 21:09:26,10,9,15,14,9,14,4.008,4.105,307.9,311.3,0,0,0,0,0,0,1,100
2025-08-17 21:09:36,10,9,15,13,9,14,4.006,4.107,307.8,311.5,0,0,0,0,0,0,1,100
2025-08-17 21:09:47,10,10,15,14,9,13,4.007,4.106,307.7,311.3,0,0,0,0,0,0,1,100
2025-08-17 21:09:57,10,9,15,14,10,14,4.002,4.109,307.9,311.4,0,0,0,0,0,0,1,100
2025-08-17 21:10:07,10,9,15,14,9,14,4.009,4.106,307.7,311.7,0,0,0,0,0,0,1,100
2025-08-17 21:10:17,10,9,15,14,9,13,4.008,4.106,307.8,311.6,0,0,0,0,0,0,1,100
2025-08-17 21:10:27,10,9,15,14,9,14,4.007,4.108,307.6,311.5,0,0,0,0,0,0,1,100
2025-08-17 21:10:37,10,10,15,14,9,14,4.009,4.107,307.8,311.6,0,0,0,0,0,0,1,100
2025-08-17 21:10:47,10,9,15,14,9,14,4.006,4.108,308,311.8,0,0,0,0,0,0,1,100
2025-08-17 21:10:58,10,9,15,13,9,14,4.006,4.106,307.8,311.4,0,0,0,0,0,0,1,100
2025-08-17 21:11:08,10,10,15,13,9,13,4.005,4.106,307.7,311.6,0,0,0,0,0,0,1,100
2025-08-17 21:11:18,10,9,15,14,9,13,4,4.106,307.8,311.6,0,0,0,0,0,0,1,100
2025-08-17 21:11:28,10,9,15,14,9,13,4.003,4.103,307.7,311.6,0,0,0,0,0,0,1,100
2025-08-17 21:11:38,10,9,15,14,9,14,4.003,4.107,308.1,311.5,0,0,0,0,0,0,1,100
2025-08-17 21:11:48,10,9,15,14,9,14,4.004,4.105,307.8,311.7,0,0,0,0,0,0,1,100
2025-08-17 21:11:58,11,9,15,14,9,13,4.008,4.104,307.9,311.6,0,0,0,0,0,0,1,100
2025-08-17 21:12:08,10,9,15,14,9,14,4.006,4.108,308,311.5,0,0,0,0,0,0,1,100
2025-08-17 21:12:19,10,9,15,14,9,13,4.004,4.105,308,311.5,0,0,0,0,0,0,1,100
2025-08-17 21:12:29,10,9,14,14,9,13,4.003,4.105,307.8,311.6,0,0,0,0,0,0,1,100
2025-08-17 21:12:39,10,9,15,14,9,14,4.002,4.106,307.8,311.4,0,0,0,0,0,0,1,100
2025-08-17 21:12:49,10,9,15,14,9,14,4.001,4.108,307.8,311.5,0,0,0,0,0,0,1,100
2025-08-17 21:12:59,9,9,15,14,9,14,4.002,4.109,307.9,311.3,0,0,0,0,0,0,1,100
2025-08-17 21:13:09,10,9,15,14,9,14,4.005,4.105,307.9,311.4,0,0,0,0,0,0,1,100
2025-08-17 21:13:19,10,9,15,14,9,14,4.004,4.101,307.6,311.6,0,0,0,0,0,0,1,100
2025-08-17 21:13:29,10,9,15,14,9,13,4.005,4.106,307.7,311.5,0,0,0,0,0,0,1,100
2025-08-17 21:13:40,10,9,15,14,9,14,4.003,4.106,307.9,311.4,0,0,0,0,0,0,1,100
2025-08-17 21:13:50,10,9,15,14,9,14,4.004,4.108,308.1,311.4,0,0,0,0,0,0,1,100
2025-08-17 21:14:00,10,9,15,14,9,14,4.007,4.108,307.8,311.3,0,0,0,0,0,0,1,100
2025-08-17 21:14:10,10,9,15,14,9,14,4.007,4.111,308.1,311.5,0,0,0,0,0,0,1,100
2025-08-17 21:14:20,10,9,15,14,9,13,4.005,4.112,307.8,311.5,0,0,0,0,0,0,1,100
2025-08-17 21:14:30,10,10,15,14,9,14,4.013,4.111,307.7,311.4,0,0,0,0,0,0,1,100
2025-08-17 21:14:40,10,9,15,14,9,14,4.009,4.106,307.7,311.4,0,0,0,0,0,0,1,100
2025-08-17 21:14:51,10,9,15,14,9,14,4.008,4.107,307.7,311.6,0,0,0,0,0,0,1,100
2025-08-17 21:15:01,10,9,15,14,9,14,4.007,4.104,307.8,311.6,0,0,0,0,0,0,1,100
2025-08-17 21:15:11,10,9,15,14,9,14,4.01,4.108,307.9,311,0,0,0,0,0,0,1,100
2025-08-17 21:15:21,10,9,15,14,9,14,4.009,4.107,307.9,311.3,0,0,0,0,0,0,1,100
2025-08-17 21:15:31,10,9,15,14,9,14,4.004,4.106,307.8,311.5,0,0,0,0,0,0,1,100
2025-08-17 21:15:41,10,9,15,14,9,14,4.008,4.104,307.6,311.4,0,0,0,0,0,0,1,100
2025-08-17 21:15:51,10,9,14,14,9,14,4.009,4.106,308,311.6,0,0,0,0,0,0,1,100
2025-08-17 21:16:02,10,9,15,14,9,14,4.008,4.106,307.8,311.4,0,0,0,0,0,0,1,100
2025-08-17 21:16:12,10,9,15,14,9,14,4.006,4.108,307.7,311.7,0,0,0,0,0,0,1,100
2025-08-17 21:16:22,10,9,14,14,9,13,4.012,4.112,307.5,311.4,0,0,0,0,0,0,1,100
2025-08-17 21:16:32,10,10,15,14,9,14,4.009,4.106,307.9,311.4,0,0,0,0,0,0,1,100
2025-08-17 21:16:42,10,9,15,14,10,13,4.007,4.109,307.7,311.5,0,0,0,0,0,0,1,100
2025-08-17 21:16:52,10,9,15,14,10,14,4.007,4.107,307.9,311.6,0,0,0,0,0,0,1,100
2025-08-17 21:17:02,10,10,15,14,10,13,4.014,4.105,307.7,311.5,0,0,0,0,0,0,1,100
2025-08-17 21:17:13,10,9,14,14,9,14,4.006,4.106,308,311,0,0,0,0,0,0,1,100
2025-08-17 21:17:23,10,9,15,14,9,14,4.006,4.109,307.6,311.5,0,0,0,0,0,0,1,100
2025-08-17 21:17:33,10,9,15,14,9,13,4.008,4.108,307.7,311.9,0,0,0,0,0,0,1,100
2025-08-17 21:17:43,10,10,15,14,10,13,4.011,4.107,307.7,311.6,0,0,0,0,0,0,1,100
2025-08-17 21:17:53,10,9,15,14,9,14,4.008,4.106,308.2,311.5,0,0,0,0,0,0,1,100
2025-08-17 21:18:03,10,9,15,14,9,14,4.01,4.107,307.7,311.3,0,0,0,0,0,0,1,100
2025-08-17 21:18:13,10,9,15,14,9,14,4.011,4.104,307.3,311.4,0,0,0,0,0,0,1,100
2025-08-17 21:18:23,10,9,15,14,9,14,4.01,4.106,308,311.5,0,0,0,0,0,0,1,100
2025-08-17 21:18:34,10,9,15,14,9,13,4.006,4.109,307.6,311.4,0,0,0,0,0,0,1,100
2025-08-17 21:18:44,9,9,15,14,9,14,4.011,4.107,307.7,311.7,0,0,0,0,0,0,1,100
2025-08-17 21:18:54,10,9,15,14,10,14,4.009,4.107,307.8,311.5,0,0,0,0,0,0,1,100
2025-08-17 21:19:04,10,9,15,14,9,14,4.01,4.109,307.9,311.5,0,0,0,0,0,0,1,100
2025-08-17 21:19:14,10,9,15,14,9,14,4.009,4.106,307.8,311.5,0,0,0,0,0,0,1,100
2025-08-17 21:19:24,10,9,15,14,9,14,4.01,4.106,308,311.6,0,0,0,0,0,0,1,100
2025-08-17 21:19:34,10,9,15,14,9,14,4.009,4.104,307.8,311.4,0,0,0,0,0,0,1,100
2025-08-17 21:19:45,10,10,15,14,9,14,4.007,4.109,308,311.5,0,0,0,0,0,0,1,100
2025-08-17 21:19:55,10,9,15,13,9,13,4.009,4.109,307.9,311.6,0,0,0,0,0,0,1,100
2025-08-17 21:20:05,10,9,15,14,9,14,4.006,4.109,307.7,311.5,0,0,0,0,0,0,1,100
2025-08-17 21:20:15,10,9,15,14,9,13,4.007,4.106,307.9,311.7,0,0,0,0,0,0,1,100
2025-08-17 21:20:25,10,9,15,14,9,14,4.007,4.104,308.1,311.5,0,0,0,0,0,0,1,100
2025-08-17 21:20:35,10,9,15,14,9,13,4.006,4.107,307.8,311.4,0,0,0,0,0,0,1,100
2025-08-17 21:20:45,10,9,15,14,9,14,4.01,4.106,307.9,311.4,0,0,0,0,0,0,1,100
2025-08-17 21:20:55,10,9,15,14,9,14,4.005,4.106,308,311.5,0,0,0,0,0,0,1,100
2025-08-17 21:21:06,10,10,15,14,9,14,4.006,4.107,307.7,311.6,0,0,0,0,0,0,1,100
2025-08-17 21:21:16,10,10,15,14,9,14,4.006,4.107,308,311.6,0,0,0,0,0,0,1,100
2025-08-17 21:21:26,10,9,15,14,9,14,4.009,4.105,307.9,311.4,0,0,0,0,0,0,1,100
2025-08-17 21:21:36,10,9,15,14,9,13,4.009,4.107,307.9,311.7,0,0,0,0,0,0,1,100
2025-08-17 21:21:46,10,9,15,14,9,14,4.002,4.106,307.9,311.5,0,0,0,0,0,0,1,100
2025-08-17 21:21:56,10,9,15,13,9,14,4.002,4.105,307.8,311.5,0,0,0,0,0,0,1,100
2025-08-17 21:22:06,10,9,15,14,9,13,4.004,4.106,307.9,311.5,0,0,0,0,0,0,1,100
2025-08-17 21:22:16,10,9,15,14,9,14,4.001,4.109,308,311.5,0,0,0,0,0,0,1,100
2025-08-17 21:22:26,10,9,15,14,9,14,4.003,4.101,307.8,311.6,0,0,0,0,0,0,1,100
2025-08-17 21:22:37,10,9,15,14,9,14,4.002,4.107,307.9,311.5,0,0,0,0,0,0,1,100
2025-08-17 21:22:47,10,10,15,14,9,14,4.002,4.105,307.9,311.5,0,0,0,0,0,0,1,100
2025-08-17 21:22:57,10,9,15,14,9,14,4,4.105,307.8,311.7,0,0,0,0,0,0,1,100
2025-08-17 21:23:07,10,9,15,14,9,14,4.003,4.106,308,311.4,0,0,0,0,0,0,1,100
2025-08-17 21:23:17,10,9,15,14,9,14,4.006,4.106,308.1,311.7,0,0,0,0,0,0,1,100
2025-08-17 21:23:27,10,10,15,14,9,14,4.01,4.107,307.8,311.7,0,0,0,0,0,0,1,100
2025-08-17 21:23:37,10,9,15,14,9,14,4.011,4.108,307.9,311.4,0,0,0,0,0,0,1,100
2025-08-17 21:23:47,10,9,15,14,9,14,4.006,4.106,307.9,311.5,0,0,0,0,0,0,1,100
2025-08-17 21:23:58,10,9,15,14,9,14,4.005,4.11,307.8,311.7,0,0,0,0,0,0,1,100
2025-08-17 21:24:08,10,9,15,14,9,14,4.002,4.11,307.9,311.5,0,0,0,0,0,0,1,100
2025-08-17 21:24:18,10,9,15,14,9,14,4.009,4.105,307.8,311.5,0,0,0,0,0,0,1,100
2025-08-17 21:24:28,10,9,15,14,9,13,4.009,4.107,307.7,311.6,0,0,0,0,0,0,1,100
2025-08-17 21:24:38,10,9,15,14,9,14,4.008,4.106,307.9,311.4,0,0,0,0,0,0,1,100
2025-08-17 21:24:48,10,9,15,14,9,14,4.009,4.103,307.7,311.5,0,0,0,0,0,0,1,100
2025-08-17 21:24:58,10,9,15,14,10,14,4.009,4.106,307.9,311.6,0,0,0,0,0,0,1,100
2025-08-17 21:25:08,10,9,15,14,9,14,4.004,4.103,307.8,311.4,0,0,0,0,0,0,1,100
2025-08-17 21:25:19,10,9,15,14,9,14,4.009,4.107,307.7,311.7,0,0,0,0,0,0,1,100
2025-08-17 21:25:29,10,9,15,14,9,14,4.008,4.107,307.9,311.6,0,0,0,0,0,0,1,100
2025-08-17 21:25:39,10,9,15,14,9,14,4,4.108,307.9,311.7,0,0,0,0,0,0,1,100
2025-08-17 21:25:49,10,9,15,14,9,14,4.008,4.107,307.8,311.7,0,0,0,0,0,0,1,100
2025-08-17 21:25:59,10,9,15,14,9,14,4.007,4.106,307.8,311.6,0,0,0,0,0,0,1,100
2025-08-17 21:26:09,10,9,15,14,9,14,4.002,4.104,307.7,311.6,0,0,0,0,0,0,1,100
2025-08-17 21:26:19,10,9,15,14,9,14,4.004,4.107,307.9,311.7,0,0,0,0,0,0,1,100
2025-08-17 21:26:29,10,9,15,15,9,14,4.002,4.106,308,311.6,0,0,0,0,0,0,1,100
2025-08-17 21:26:40,10,9,15,14,9,13,4.003,4.104,307.7,311.6,0,0,0,0,0,0,1,100
2025-08-17 21:26:50,10,9,15,14,9,13,4.004,4.107,307.9,311.4,0,0,0,0,0,0,1,100
2025-08-17 21:27:00,10,9,15,15,9,14,4.005,4.107,307.8,311.5,0,0,0,0,0,0,1,100
2025-08-17 21:27:10,10,10,15,14,9,13,4.007,4.108,308,311.7,0,0,0,0,0,0,1,100
2025-08-17 21:27:20,10,9,15,14,9,14,4.002,4.106,307.9,311.5,0,0,0,0,0,0,1,100
2025-08-17 21:27:30,10,9,15,14,9,14,4.003,4.106,307.9,311.7,0,0,0,0,0,0,1,100
2025-08-17 21:27:40,11,9,15,14,9,13,4.006,4.106,307.7,311.6,0,0,0,0,0,0,1,100
2025-08-17 21:27:51,10,10,15,14,9,13,4.004,4.108,307.8,311.6,0,0,0,0,0,0,1,100
2025-08-17 21:28:01,9,9,15,14,9,14,4.001,4.106,307.7,311.3,0,0,0,0,0,0,1,100
2025-08-17 21:28:11,10,9,15,14,9,13,4.003,4.105,307.9,311.3,0,0,0,0,0,0,1,100
2025-08-17 21:28:21,10,9,15,14,9,14,4.005,4.105,307.8,311.8,0,0,0,0,0,0,1,100
2025-08-17 21:28:31,10,9,15,13,9,13,4.006,4.103,308.1,311.8,0,0,0,0,0,0,1,100
2025-08-17 21:28:41,10,9,15,14,10,14,4.006,4.105,307.9,311.6,0,0,0,0,0,0,1,100
2025-08-17 21:28:51,10,9,15,14,10,14,4.003,4.107,307.7,311.6,0,0,0,0,0,0,1,100
2025-08-17 21:29:01,10,9,15,14,9,14,4.002,4.105,307.8,311.7,0,0,0,0,0,0,1,100
2025-08-17 21:29:12,10,10,15,14,9,14,4,4.108,307.9,311.3,0,0,0,0,0,0,1,100
2025-08-17 21:29:22,10,9,15,14,9,13,4.006,4.104,307.7,312,0,0,0,0,0,0,1,100
2025-08-17 21:29:32,10,10,15,14,9,14,4.007,4.105,307.7,311.5,0,0,0,0,0,0,1,100
2025-08-17 21:29:42,10,9,15,14,9,14,4.003,4.104,308,311.6,0,0,0,0,0,0,1,100
2025-08-17 21:29:52,10,9,15,14,9,14,4.01,4.106,307.7,311.7,0,0,0,0,0,0,1,100
2025-08-17 21:30:02,10,9,15,15,9,14,4.005,4.105,307.8,311.6,0,0,0,0,0,0,1,100
2025-08-17 21:30:12,10,9,15,14,9,13,4.01,4.105,307.9,311.4,0,0,0,0,0,0,1,100
2025-08-17 21:30:22,10,9,15,14,9,14,4.002,4.107,307.9,311.5,0,0,0,0,0,0,1,100
2025-08-17 21:30:33,10,9,15,14,10,13,4.001,4.107,308,311.5,0,0,0,0,0,0,1,100
2025-08-17 21:30:43,10,9,14,14,9,14,4,4.109,307.8,311.4,0,0,0,0,0,0,1,100
2025-08-17 21:30:53,10,9,15,14,9,13,4.004,4.106,307.8,311.5,0,0,0,0,0,0,1,100
2025-08-17 21:31:03,9,9,15,14,10,14,4.008,4.102,307.9,311.5,0,0,0,0,0,0,1,100
2025-08-17 21:31:13,10,10,15,14,9,13,4.003,4.105,307.8,311.5,0,0,0,0,0,0,1,100
2025-08-17 21:31:23,10,9,15,14,10,14,4.002,4.102,307.9,311.4,0,0,0,0,0,0,1,100
2025-08-17 21:31:33,10,9,15,14,9,14,4.003,4.104,307.9,311.6,0,0,0,0,0,0,1,100
2025-08-17 21:31:43,10,10,15,14,9,14,4.002,4.102,308,311.4,0,0,0,0,0,0,1,100
2025-08-17 21:31:54,10,10,15,14,9,13,4.001,4.107,308,311.7,0,0,0,0,0,0,1,100
2025-08-17 21:32:04,10,9,15,14,9,14,4,4.108,308,311.9,0,0,0,0,0,0,1,100
2025-08-17 21:32:14,10,9,15,14,9,14,4.004,4.11,308.1,311.7,0,0,0,0,0,0,1,100
2025-08-17 21:32:24,10,10,15,14,9,13,4.003,4.104,307.8,311.4,0,0,0,0,0,0,1,100
2025-08-17 21:32:34,10,9,15,14,10,14,4.003,4.106,307.8,311.6,0,0,0,0,0,0,1,100
2025-08-17 21:32:44,10,9,15,14,9,14,4,4.106,307.7,311.6,0,0,0,0,0,0,1,100
2025-08-17 21:32:54,10,10,15,14,9,14,4.003,4.109,308.1,311.5,0,0,0,0,0,0,1,100
2025-08-17 21:33:04,10,9,15,14,9,14,4.002,4.104,307.8,311.7,0,0,0,0,0,0,1,100
2025-08-17 21:33:14,10,9,15,14,9,13,4.002,4.105,307.9,311.6,0,0,0,0,0,0,1,100
2025-08-17 21:33:24,10,9,15,13,9,14,3.999,4.105,308,311.5,0,0,0,0,0,0,1,100
2025-08-17 21:33:34,10,9,15,14,9,14,4.002,4.107,307.9,311.7,0,0,0,0,0,0,1,100
2025-08-17 21:33:45,10,10,15,14,9,14,4.002,4.109,307.6,311.4,0,0,0,0,0,0,1,100
2025-08-17 21:33:55,10,9,15,14,9,14,4.002,4.108,307.7,311.8,0,0,0,0,0,0,1,100
2025-08-17 21:34:05,10,10,15,14,9,13,4.005,4.104,307.9,311.6,0,0,0,0,0,0,1,100
2025-08-17 21:34:15,10,9,15,14,9,13,4.003,4.108,307.9,311.6,0,0,0,0,0,0,1,100
2025-08-17 21:34:25,10,9,15,14,9,14,4.001,4.103,308,311.6,0,0,0,0,0,0,1,100
2025-08-17 21:34:35,10,9,15,14,9,14,4.003,4.108,307.9,311.6,0,0,0,0,0,0,1,100
2025-08-17 21:34:45,10,9,14,14,9,14,4.001,4.11,307.9,311.6,0,0,0,0,0,0,1,100
2025-08-17 21:34:55,10,9,15,14,9,14,3.997,4.106,307.8,311.5,0,0,0,0,0,0,1,100
2025-08-17 21:35:05,10,9,15,14,10,13,4,4.109,307.9,311.4,0,0,0,0,0,0,1,100
2025-08-17 21:35:15,10,9,15,14,9,13,4,4.107,307.6,311.6,0,0,0,0,0,0,1,100
2025-08-17 21:35:26,10,9,15,14,9,13,4.002,4.107,308,311.6,0,0,0,0,0,0,1,100
2025-08-17 21:35:36,10,9,15,14,9,14,3.996,4.106,307.8,311.7,0,0,0,0,0,0,1,100
2025-08-17 21:35:46,10,9,15,14,10,14,3.998,4.106,308,311.6,0,0,0,0,0,0,1,100
2025-08-17 21:35:56,10,9,15,14,9,14,3.997,4.104,307.9,311.5,0,0,0,0,0,0,1,100
2025-08-17 21:36:06,10,10,15,14,9,13,3.997,4.11,308.1,311.4,0,0,0,0,0,0,1,100
2025-08-17 21:36:16,10,10,15,14,9,14,4.001,4.106,308.1,311.6,0,0,0,0,0,0,1,100
2025-08-17 21:36:26,10,9,15,14,9,14,4,4.1,307.9,311.4,0,0,0,0,0,0,1,100
2025-08-17 21:36:36,10,9,15,14,9,14,4.001,4.107,307.8,311.4,0,0,0,0,0,0,1,100
2025-08-17 21:36:46,10,9,15,14,9,14,4.001,4.107,308.1,311.5,0,0,0,0,0,0,1,100
2025-08-17 21:36:56,10,9,15,14,9,14,4,4.107,308,311.7,0,0,0,0,0,0,1,100
2025-08-17 21:37:06,10,9,16,14,9,13,4.003,4.108,308.1,311.5,0,0,0,0,0,0,1,100
2025-08-17 21:37:16,10,9,14,14,9,14,3.998,4.108,308,311.6,0,0,0,0,0,0,1,100
2025-08-17 21:37:26,10,9,15,14,9,14,4.002,4.105,307.9,311.7,0,0,0,0,0,0,1,100
2025-08-17 21:37:37,10,10,15,14,9,14,4.001,4.106,307.9,311.5,0,0,0,0,0,0,1,100
2025-08-17 21:37:47,10,9,15,14,9,14,3.997,4.105,307.8,311.4,0,0,0,0,0,0,1,100
2025-08-17 21:37:57,10,9,15,14,9,14,4.002,4.107,307.8,311.4,0,0,0,0,0,0,1,100
2025-08-17 21:38:07,10,9,15,14,9,13,4,4.104,307.9,311.7,0,0,0,0,0,0,1,100
2025-08-17 21:38:17,10,9,15,14,9,14,4.001,4.107,307.8,311.6,0,0,0,0,0,0,1,100
2025-08-17 21:38:27,10,9,15,14,9,13,3.997,4.105,307.9,311.3,0,0,0,0,0,0,1,100
2025-08-17 21:38:37,10,9,15,14,9,14,3.999,4.104,308.1,311.5,0,0,0,0,0,0,1,100
2025-08-17 21:38:47,10,9,15,14,9,13,4,4.105,307.9,311.5,0,0,0,0,0,0,1,100
2025-08-17 21:38:57,10,9,15,14,9,13,4,4.107,307.9,311.5,0,0,0,0,0,0,1,100
2025-08-17 21:39:07,9,10,14,14,9,13,3.998,4.108,308,311.4,0,0,0,0,0,0,1,100
2025-08-17 21:39:17,10,9,15,14,9,14,3.999,4.105,307.8,311.6,0,0,0,0,0,0,1,100
2025-08-17 21:39:28,10,9,15,14,10,14,4,4.107,307.9,311.5,0,0,0,0,0,0,1,100
2025-08-17 21:39:38,10,9,15,14,10,14,4.001,4.108,308.1,311.6,0,0,0,0,0,0,1,100
2025-08-17 21:39:48,10,9,15,14,9,14,4,4.106,307.8,311.5,0,0,0,0,0,0,1,100
2025-08-17 21:39:58,10,9,15,14,9,14,4.001,4.109,307.9,311.6,0,0,0,0,0,0,1,100
2025-08-17 21:40:08,10,9,15,14,9,14,4.006,4.109,308,311.6,0,0,0,0,0,0,1,100
2025-08-17 21:40:18,10,9,15,14,9,14,4.001,4.108,307.9,311.7,0,0,0,0,0,0,1,100
2025-08-17 21:40:28,10,9,15,14,9,14,3.999,4.108,308,311.6,0,0,0,0,0,0,1,100
2025-08-17 21:40:38,10,9,15,14,9,14,4.003,4.105,307.8,311.6,0,0,0,0,0,0,1,100
2025-08-17 21:40:48,10,9,15,13,9,14,4.001,4.103,307.8,311.6,0,0,0,0,0,0,1,100
2025-08-17 21:40:58,10,9,15,14,9,14,4.01,4.103,307.9,311.4,0,0,0,0,0,0,1,100
2025-08-17 21:41:09,10,9,15,14,9,14,4.003,4.104,307.7,311.5,0,0,0,0,0,0,1,100
2025-08-17 21:41:19,10,9,15,14,9,14,3.999,4.106,307.7,311.4,0,0,0,0,0,0,1,100
2025-08-17 21:41:29,10,9,15,14,9,13,4.001,4.107,308,311.6,0,0,0,0,0,0,1,100
2025-08-17 21:41:39,10,9,15,14,9,14,4,4.102,307.8,311.5,0,0,0,0,0,0,1,100
2025-08-17 21:41:49,10,9,15,14,9,14,4.002,4.106,307.9,311.5,0,0,0,0,0,0,1,100
2025-08-17 21:41:59,10,9,15,14,9,14,4.004,4.105,307.8,311.5,0,0,0,0,0,0,1,100
2025-08-17 21:42:09,10,9,15,14,9,14,4.002,4.105,307.8,311.6,0,0,0,0,0,0,1,100
2025-08-17 21:42:19,10,9,15,14,9,14,4,4.108,307.6,311.7,0,0,0,0,0,0,1,100
2025-08-17 21:42:29,10,9,15,14,9,14,4,4.107,307.9,311.6,0,0,0,0,0,0,1,100
2025-08-17 21:42:40,10,9,15,14,9,14,4.002,4.108,308.1,311.6,0,0,0,0,0,0,1,100
2025-08-17 21:42:50,10,9,15,14,9,13,4.004,4.107,307.9,311.4,0,0,0,0,0,0,1,100
2025-08-17 21:43:00,10,9,15,14,9,13,4.003,4.107,308,311.3,0,0,0,0,0,0,1,100
2025-08-17 21:43:10,10,9,15,13,9,14,4.001,4.106,308,311,0,0,0,0,0,0,1,100
2025-08-17 21:43:20,10,9,15,14,9,14,4.002,4.106,307.9,311.4,0,0,0,0,0,0,1,100
2025-08-17 21:43:30,10,9,15,13,9,14,4.002,4.108,307.8,311.3,0,0,0,0,0,0,1,100
2025-08-17 21:43:40,10,9,15,14,9,14,4.005,4.108,307.7,311.5,0,0,0,0,0,0,1,100
2025-08-17 21:43:50,10,9,15,14,8,14,4.002,4.107,308,311.5,0,0,0,0,0,0,1,100
2025-08-17 21:44:00,11,9,15,14,9,13,4.004,4.112,307.9,311.4,0,0,0,0,0,0,1,100
2025-08-17 21:44:10,10,9,15,14,9,13,4.006,4.109,308,311.5,0,0,0,0,0,0,1,100
2025-08-17 21:44:20,10,9,15,14,9,13,3.999,4.111,308,311.5,0,0,0,0,0,0,1,100
2025-08-17 21:44:31,10,9,15,14,9,14,4.002,4.108,308,311.6,0,0,0,0,0,0,1,100
2025-08-17 21:44:41,10,10,15,14,9,14,4.003,4.105,307.7,311.3,0,0,0,0,0,0,1,100
2025-08-17 21:44:51,10,9,15,14,9,14,4.002,4.109,307.9,311.3,0,0,0,0,0,0,1,100
2025-08-17 21:45:01,10,9,15,14,10,14,3.998,4.111,307.3,311.4,0,0,0,0,0,0,1,100
2025-08-17 21:45:11,10,9,15,14,9,14,4.004,4.108,308.2,311.3,0,0,0,0,0,0,1,100
2025-08-17 21:45:21,10,9,15,14,9,14,4.004,4.11,307.9,311.3,0,0,0,0,0,0,1,100
2025-08-17 21:45:31,10,9,15,14,9,13,4,4.111,307.8,311.2,0,0,0,0,0,0,1,100
2025-08-17 21:45:41,10,9,15,14,10,13,4.001,4.108,307.9,311.5,0,0,0,0,0,0,1,100
2025-08-17 21:45:51,10,9,15,14,9,14,4.001,4.112,307.9,311.4,0,0,0,0,0,0,1,100
2025-08-17 21:46:01,10,9,15,15,10,14,4.004,4.11,308.1,311.6,0,0,0,0,0,0,1,100
2025-08-17 21:46:11,10,9,15,14,10,14,4.002,4.112,307.8,311.5,0,0,0,0,0,0,1,100
2025-08-17 21:46:21,10,9,15,14,9,14,4.001,4.113,307.9,311.5,0,0,0,0,0,0,1,100
2025-08-17 21:46:32,10,9,15,13,9,14,3.996,4.11,308,311.3,0,0,0,0,0,0,1,100
2025-08-17 21:46:42,10,9,15,14,9,13,4,4.112,308,311.6,0,0,0,0,0,0,1,100
2025-08-17 21:46:52,10,10,15,14,9,13,4.001,4.109,307.7,311.7,0,0,0,0,0,0,1,100
2025-08-17 21:47:02,10,9,15,14,10,13,4.002,4.109,308,311.7,0,0,0,0,0,0,1,100
2025-08-17 21:47:12,10,9,15,14,9,14,4.003,4.107,307.7,311.5,0,0,0,0,0,0,1,100
2025-08-17 21:47:22,10,9,15,14,9,14,4.002,4.107,307.8,311.6,0,0,0,0,0,0,1,100
2025-08-17 21:47:32,10,10,15,14,9,14,4.005,4.108,307.7,311.6,0,0,0,0,0,0,1,100
2025-08-17 21:47:42,10,9,15,14,9,13,4.001,4.108,307.7,311.3,0,0,0,0,0,0,1,100
2025-08-17 21:47:53,10,9,15,14,9,14,4.004,4.109,307.8,311.2,0,0,0,0,0,0,1,100
2025-08-17 21:48:03,10,9,15,14,9,13,4.005,4.108,307.9,311.5,0,0,0,0,0,0,1,100
2025-08-17 21:48:13,10,9,15,14,9,14,4.001,4.11,307.9,311.6,0,0,0,0,0,0,1,100
2025-08-17 21:48:23,10,9,15,14,9,14,4.004,4.113,307.9,311.4,0,0,0,0,0,0,1,100
2025-08-17 21:48:33,10,10,15,13,9,14,3.998,4.109,308,311.6,0,0,0,0,0,0,1,100
2025-08-17 21:48:43,10,9,15,14,10,14,4,4.111,307.8,311.4,0,0,0,0,0,0,1,100
2025-08-17 21:48:53,10,9,15,14,9,14,3.995,4.109,308,311.4,0,0,0,0,0,0,1,100
2025-08-17 21:49:03,10,11,15,14,9,13,4,4.11,307.7,311.5,0,0,0,0,0,0,1,100
2025-08-17 21:49:13,10,9,15,14,9,14,3.999,4.112,307.9,311.6,0,0,0,0,0,0,1,100
2025-08-17 21:49:23,10,9,15,14,9,14,3.997,4.111,307.8,311.3,0,0,0,0,0,0,1,100
2025-08-17 21:49:33,10,9,15,14,9,13,3.996,4.107,308,311.3,0,0,0,0,0,0,1,100
2025-08-17 21:49:43,10,9,15,14,9,13,3.994,4.109,308,311.4,0,0,0,0,0,0,1,100
2025-08-17 21:49:54,10,9,15,14,9,13,4.001,4.106,307.9,311.5,0,0,0,0,0,0,1,100
2025-08-17 21:50:04,10,9,15,14,9,14,4.004,4.107,307.9,311.5,0,0,0,0,0,0,1,100
2025-08-17 21:50:14,10,9,16,14,9,14,4.005,4.109,307.7,311.4,0,0,0,0,0,0,1,100
2025-08-17 21:50:24,9,9,15,14,10,14,3.998,4.108,307.8,311.6,0,0,0,0,0,0,1,100
2025-08-17 21:50:34,10,10,15,14,9,13,4.006,4.109,307.5,311.7,0,0,0,0,0,0,1,100
2025-08-17 21:50:44,10,9,15,14,9,14,4.006,4.109,307.9,311.6,0,0,0,0,0,0,1,100
2025-08-17 21:50:54,10,10,15,14,9,13,4,4.11,307.8,311.5,0,0,0,0,0,0,1,100
2025-08-17 21:51:04,10,9,15,14,9,14,4.001,4.11,307.9,311.4,0,0,0,0,0,0,1,100
2025-08-17 21:51:14,10,9,15,15,9,14,3.997,4.108,307.8,311.6,0,0,0,0,0,0,1,100
2025-08-17 21:51:24,10,9,15,14,9,13,3.999,4.11,307.9,311.4,0,0,0,0,0,0,1,100
2025-08-17 21:51:34,10,9,15,14,9,13,4.005,4.112,307.9,311.7,0,0,0,0,0,0,1,100
2025-08-17 21:51:45,10,9,15,14,9,14,3.999,4.11,308.1,311.5,0,0,0,0,0,0,1,100
2025-08-17 21:51:55,10,9,15,14,9,13,3.999,4.109,308,311.5,0,0,0,0,0,0,1,100
2025-08-17 21:52:05,10,9,15,14,9,14,4,4.109,307.8,311.5,0,0,0,0,0,0,1,100
2025-08-17 21:52:15,10,9,15,14,9,14,4,4.11,307.8,311.4,0,0,0,0,0,0,1,100
2025-08-17 21:52:25,10,9,15,14,9,14,4.007,4.108,307.7,311.6,0,0,0,0,0,0,1,100
2025-08-17 21:52:35,10,9,15,14,9,14,3.999,4.105,307.8,311.5,0,0,0,0,0,0,1,100
2025-08-17 21:52:45,10,9,15,14,9,13,4.002,4.111,307.7,311.6,0,0,0,0,0,0,1,100
2025-08-17 21:52:55,10,9,15,14,9,13,3.998,4.109,307.9,311.6,0,0,0,0,0,0,1,100
2025-08-17 21:53:05,10,9,15,14,9,14,4.002,4.11,307.7,311.4,0,0,0,0,0,0,1,100
2025-08-17 21:53:16,10,10,15,14,9,13,4.002,4.11,307.7,311.7,0,0,0,0,0,0,1,100
2025-08-17 21:53:26,10,9,15,14,9,14,3.999,4.112,307.7,311.6,0,0,0,0,0,0,1,100
2025-08-17 21:53:36,10,10,15,14,9,14,4,4.108,307.6,311.5,0,0,0,0,0,0,1,100
2025-08-17 21:53:46,10,9,15,14,9,14,4.003,4.109,307.8,311.4,0,0,0,0,0,0,1,100
2025-08-17 21:53:56,10,9,15,14,9,14,3.998,4.109,307.8,311.5,0,0,0,0,0,0,1,100
2025-08-17 21:54:06,10,9,15,14,9,14,4,4.111,307.8,311.6,0,0,0,0,0,0,1,100
2025-08-17 21:54:16,10,9,15,14,9,14,3.998,4.109,307.8,311.6,0,0,0,0,0,0,1,100
2025-08-17 21:54:26,10,9,15,14,9,14,4.001,4.11,307.7,311.5,0,0,0,0,0,0,1,100
2025-08-17 21:54:36,10,9,15,14,9,14,4.001,4.11,307.7,311.3,0,0,0,0,0,0,1,100
2025-08-17 21:54:47,10,9,15,14,9,13,4.003,4.112,307.7,311.6,0,0,0,0,0,0,1,100
2025-08-17 21:54:57,10,9,15,14,9,14,4,4.106,307.7,311.6,0,0,0,0,0,0,1,100
2025-08-17 21:55:07,10,9,15,14,8,14,4.007,4.103,307.3,311.5,0,0,0,0,0,0,1,100
2025-08-17 21:55:17,10,9,15,14,9,14,4.002,4.108,307.6,311.6,0,0,0,0,0,0,1,100
2025-08-17 21:55:27,10,9,15,14,9,14,4.006,4.107,308.1,311.4,0,0,0,0,0,0,1,100
2025-08-17 21:55:37,10,9,14,14,9,14,4,4.109,307.9,311.4,0,0,0,0,0,0,1,100
2025-08-17 21:55:47,10,9,15,14,10,14,3.998,4.109,307.9,311.3,0,0,0,0,0,0,1,100
2025-08-17 21:55:58,10,9,15,14,9,13,4.004,4.106,307.8,311.5,0,0,0,0,0,0,1,100
2025-08-17 21:56:08,10,9,15,14,9,13,4.007,4.109,307.8,311.7,0,0,0,0,0,0,1,100
2025-08-17 21:56:18,10,9,15,14,9,14,4.006,4.111,308.1,311.6,0,0,0,0,0,0,1,100
2025-08-17 21:56:28,10,9,15,14,10,14,4.004,4.111,307.9,311.6,0,0,0,0,0,0,1,100
2025-08-17 21:56:38,10,9,15,14,9,14,4.005,4.11,307.7,311.6,0,0,0,0,0,0,1,100
2025-08-17 21:56:48,10,9,15,14,9,14,4.004,4.108,307.9,311.4,0,0,0,0,0,0,1,100
2025-08-17 21:56:58,10,9,15,14,9,14,4.002,4.109,307.7,311.5,0,0,0,0,0,0,1,100
2025-08-17 21:57:08,10,9,15,14,9,14,4,4.109,307.9,311.3,0,0,0,0,0,0,1,100
2025-08-17 21:57:19,10,9,15,14,9,14,4.004,4.107,307.7,311.5,0,0,0,0,0,0,1,100
2025-08-17 21:57:29,10,10,15,14,9,13,4.006,4.105,307.8,311.6,0,0,0,0,0,0,1,100
2025-08-17 21:57:39,10,9,15,14,9,14,3.998,4.107,308,311.5,0,0,0,0,0,0,1,100
2025-08-17 21:57:49,10,9,15,14,9,14,4.002,4.105,308,311.5,0,0,0,0,0,0,1,100
2025-08-17 21:57:59,10,9,15,14,9,14,4.003,4.107,308,311.4,0,0,0,0,0,0,1,100
2025-08-17 21:58:09,10,9,15,14,9,13,4.008,4.107,308.1,311.7,0,0,0,0,0,0,1,100
2025-08-17 21:58:19,10,10,15,14,9,14,4.002,4.11,307.7,311.4,0,0,0,0,0,0,1,100
2025-08-17 21:58:29,10,9,15,14,9,15,4.001,4.112,308.1,311.6,0,0,0,0,0,0,1,100
2025-08-17 21:58:39,10,10,15,14,9,14,4,4.11,308,311.7,0,0,0,0,0,0,1,100
2025-08-17 21:58:49,10,9,15,14,9,14,4.003,4.107,308.2,311.5,0,0,0,0,0,0,1,100
2025-08-17 21:59:00,10,9,15,14,10,14,4.002,4.107,307.8,311.6,0,0,0,0,0,0,1,100
2025-08-17 21:59:10,10,9,15,14,9,14,4,4.109,307.9,311.5,0,0,0,0,0,0,1,100
2025-08-17 21:59:20,10,9,15,14,9,14,4.006,4.106,307.6,311.5,0,0,0,0,0,0,1,100
2025-08-17 21:59:30,10,9,15,14,9,13,4.002,4.108,307.9,311.7,0,0,0,0,0,0,1,100
2025-08-17 21:59:40,10,9,15,14,9,14,4.001,4.108,307.9,311.4,0,0,0,0,0,0,1,100
2025-08-17 21:59:50,10,9,15,14,9,14,4.002,4.109,307.8,311.4,0,0,0,0,0,0,1,100
2025-08-17 22:00:00,10,9,15,14,9,13,4,4.109,308,311.3,0,0,0,0,0,0,1,100
2025-08-17 22:00:10,10,9,15,14,9,13,4.002,4.107,307.6,311.3,0,0,0,0,0,0,1,100
2025-08-17 22:00:20,10,9,15,14,9,14,4.002,4.106,307.9,311.3,0,0,0,0,0,0,1,100
2025-08-17 22:00:31,10,9,15,14,10,14,3.999,4.106,307.8,311.4,0,0,0,0,0,0,1,100
2025-08-17 22:00:41,10,9,15,14,9,14,4.001,4.104,308,311.5,0,0,0,0,0,0,1,100
2025-08-17 22:00:51,10,9,15,14,9,14,4.005,4.107,308.1,311.5,0,0,0,0,0,0,1,100
2025-08-17 22:01:01,10,9,15,13,9,14,4.002,4.107,308,311.6,0,0,0,0,0,0,1,100
2025-08-17 22:01:11,10,9,15,14,9,13,4.006,4.106,307.9,311.4,0,0,0,0,0,0,1,100
2025-08-17 22:01:21,10,10,15,14,9,14,4.002,4.105,307.8,311.4,0,0,0,0,0,0,1,100
2025-08-17 22:01:31,10,9,15,13,9,14,4.004,4.107,307.8,311.7,0,0,0,0,0,0,1,100
2025-08-17 22:01:41,10,9,15,14,9,14,3.995,4.106,308,311.8,0,0,0,0,0,0,1,100
2025-08-17 22:01:51,10,9,15,14,9,14,3.997,4.109,308,311.9,0,0,0,0,0,0,1,100
2025-08-17 22:02:02,10,9,15,14,9,13,4,4.109,308.1,311.6,0,0,0,0,0,0,1,100
2025-08-17 22:02:12,10,9,15,13,9,14,4.001,4.108,308,311.4,0,0,0,0,0,0,1,100
2025-08-17 22:02:22,10,9,15,14,9,14,4.01,4.106,307.7,311.6,0,0,0,0,0,0,1,100
2025-08-17 22:02:32,10,9,15,14,9,14,3.999,4.108,307.9,311.6,0,0,0,0,0,0,1,100
2025-08-17 22:02:42,10,9,15,14,9,14,4,4.106,307.7,311.6,0,0,0,0,0,0,1,100
2025-08-17 22:02:52,10,9,15,13,9,14,4.002,4.107,308.1,311.4,0,0,0,0,0,0,1,100
2025-08-17 22:03:02,10,10,15,14,9,14,4.008,4.11,307.8,311.3,0,0,0,0,0,0,1,100
2025-08-17 22:03:12,10,9,15,14,9,14,4.004,4.106,308,311.6,0,0,0,0,0,0,1,100
2025-08-17 22:03:22,10,10,15,14,9,13,4.006,4.105,307.8,311.6,0,0,0,0,0,0,1,100
2025-08-17 22:03:32,10,9,15,14,9,14,4.002,4.107,307.8,311.4,0,0,0,0,0,0,1,100
2025-08-17 22:03:43,10,9,15,13,9,14,4.01,4.106,308.3,311.6,0,0,0,0,0,0,1,100
2025-08-17 22:03:53,10,9,15,14,9,13,4.006,4.11,308,311.6,0,0,0,0,0,0,1,100
2025-08-17 22:04:03,10,10,17,15,9,14,4.003,4.109,307.4,311.5,0,0,0,0,0,0,1,100
2025-08-17 22:04:13,10,9,15,14,9,14,4.009,4.109,307.9,311.6,0,0,0,0,0,0,1,100
2025-08-17 22:04:23,10,10,15,14,9,14,4.004,4.108,307.9,311.5,0,0,0,0,0,0,1,100
2025-08-17 22:04:33,10,9,14,14,9,14,4,4.107,308,311.6,0,0,0,0,0,0,1,100
2025-08-17 22:04:43,10,9,15,14,9,14,4.003,4.11,307.9,311.5,0,0,0,0,0,0,1,100
2025-08-17 22:04:53,10,9,15,14,9,14,4.007,4.108,307.8,311.3,0,0,0,0,0,0,1,100
2025-08-17 22:05:03,10,10,15,14,9,14,4.007,4.11,307.8,311.5,0,0,0,0,0,0,1,100
2025-08-17 22:05:13,10,9,15,14,9,13,4.003,4.11,307.8,311.7,0,0,0,0,0,0,1,100
2025-08-17 22:05:24,10,9,15,14,9,13,4.009,4.109,308,311.5,0,0,0,0,0,0,1,100
2025-08-17 22:05:34,10,9,15,14,10,13,4.003,4.11,308,311.4,0,0,0,0,0,0,1,100
2025-08-17 22:05:44,10,9,15,14,9,14,4.003,4.108,307.8,311.4,0,0,0,0,0,0,1,100
2025-08-17 22:05:54,10,9,15,13,9,14,4.005,4.112,307.9,311.4,0,0,0,0,0,0,1,100
2025-08-17 22:06:04,10,9,15,14,9,14,4.007,4.109,307.8,311.4,0,0,0,0,0,0,1,100
2025-08-17 22:06:14,10,9,15,14,9,13,4.007,4.109,307.9,311.4,0,0,0,0,0,0,1,100
2025-08-17 22:06:24,10,9,15,13,9,14,4.008,4.107,307.8,311.7,0,0,0,0,0,0,1,100
2025-08-17 22:06:34,10,9,15,14,9,14,4.003,4.108,307.8,311.5,0,0,0,0,0,0,1,100
2025-08-17 22:06:45,10,9,14,14,9,14,4.006,4.109,307.8,311.6,0,0,0,0,0,0,1,100
2025-08-17 22:06:55,10,9,15,14,9,13,4.007,4.11,307.9,311.6,0,0,0,0,0,0,1,100
2025-08-17 22:07:05,10,9,14,14,9,14,4.002,4.11,307.9,311.6,0,0,0,0,0,0,1,100
2025-08-17 22:07:15,10,9,15,14,9,14,4.004,4.106,307.7,311.6,0,0,0,0,0,0,1,100
2025-08-17 22:07:25,10,10,15,14,9,14,4.005,4.108,308.1,311.6,0,0,0,0,0,0,1,100
2025-08-17 22:07:35,10,9,15,14,9,14,4.004,4.11,308,311.6,0,0,0,0,0,0,1,100
2025-08-17 22:07:45,10,9,15,14,10,13,3.996,4.111,307.9,311.6,0,0,0,0,0,0,1,100
2025-08-17 22:07:55,10,10,15,14,9,14,4.001,4.111,308,311.6,0,0,0,0,0,0,1,100
2025-08-17 22:08:05,10,9,15,14,9,14,4.006,4.107,308,311.6,0,0,0,0,0,0,1,100
2025-08-17 22:08:15,10,9,15,14,9,13,4.002,4.11,308,311.6,0,0,0,0,0,0,1,100
2025-08-17 22:08:25,10,9,15,14,9,14,4,4.109,308.1,311.6,0,0,0,0,0,0,1,100
2025-08-17 22:08:36,10,9,15,14,9,13,4.007,4.109,308,311.7,0,0,0,0,0,0,1,100
2025-08-17 22:08:46,10,9,15,13,9,14,4.005,4.111,308.1,311.3,0,0,0,0,0,0,1,100
2025-08-17 22:08:56,10,9,15,14,9,14,4.007,4.113,308.1,311.8,0,0,0,0,0,0,1,100
2025-08-17 22:09:06,10,9,15,14,9,14,4.007,4.109,308,311.8,0,0,0,0,0,0,1,100
2025-08-17 22:09:16,10,9,15,14,9,14,4.009,4.109,308.2,311.5,0,0,0,0,0,0,1,100
2025-08-17 22:09:26,10,9,15,14,9,14,4.003,4.106,307.6,311.4,0,0,0,0,0,0,1,100
2025-08-17 22:09:36,10,9,15,14,9,13,4.005,4.108,307.4,311.5,0,0,0,0,0,0,1,100
2025-08-17 22:09:46,10,9,16,14,9,14,4.007,4.109,308.1,311.8,0,0,0,0,0,0,1,100
2025-08-17 22:09:56,10,9,15,14,9,14,4.001,4.107,307.8,311.3,0,0,0,0,0,0,1,100
2025-08-17 22:10:07,10,9,15,14,9,14,4.002,4.109,308,311.8,0,0,0,0,0,0,1,100
2025-08-17 22:10:17,10,9,15,14,9,14,4.004,4.108,308,311.8,0,0,0,0,0,0,1,100
2025-08-17 22:10:27,10,9,15,14,9,14,4.005,4.104,308,311.6,0,0,0,0,0,0,1,100
2025-08-17 22:10:37,10,9,15,14,9,14,4.004,4.11,308.1,311.8,0,0,0,0,0,0,1,100
2025-08-17 22:10:47,10,10,15,14,9,13,4.005,4.11,308.2,311.2,0,0,0,0,0,0,1,100
2025-08-17 22:10:57,10,9,15,14,9,14,4.005,4.11,307.9,311.4,0,0,0,0,0,0,1,100
2025-08-17 22:11:07,10,9,15,14,9,14,4.006,4.109,308.1,311.7,0,0,0,0,0,0,1,100
2025-08-17 22:11:17,10,10,15,14,10,14,4.002,4.108,307.9,311.8,0,0,0,0,0,0,1,100
2025-08-17 22:11:27,10,9,15,14,9,13,4.003,4.109,308.1,311.5,0,0,0,0,0,0,1,100
2025-08-17 22:11:37,10,9,15,14,9,13,4.006,4.109,308,311.4,0,0,0,0,0,0,1,100
2025-08-17 22:11:48,9,9,15,14,9,14,4.004,4.107,308,311.6,0,0,0,0,0,0,1,100
2025-08-17 22:11:58,10,10,15,14,9,13,4.008,4.11,307.9,311.5,0,0,0,0,0,0,1,100
2025-08-17 22:12:08,10,10,15,14,9,13,4.006,4.108,308,311.6,0,0,0,0,0,0,1,100
2025-08-17 22:12:18,10,9,15,13,9,14,4.008,4.111,307.8,311.5,0,0,0,0,0,0,1,100
2025-08-17 22:12:28,10,10,15,13,9,14,4.006,4.113,308,311.6,0,0,0,0,0,0,1,100
2025-08-17 22:12:38,10,9,15,14,9,14,4.009,4.111,308.2,311.1,0,0,0,0,0,0,1,100
2025-08-17 22:12:48,10,10,15,14,9,14,4.011,4.109,308.2,311.4,0,0,0,0,0,0,1,100
2025-08-17 22:12:58,10,9,15,14,9,14,4.008,4.111,307.8,311.4,0,0,0,0,0,0,1,100
2025-08-17 22:13:08,10,9,15,14,9,14,4.008,4.111,307.7,311.3,0,0,0,0,0,0,1,100
2025-08-17 22:13:19,10,9,15,14,9,14,4.007,4.11,307.8,311.5,0,0,0,0,0,0,1,100
2025-08-17 22:13:29,10,9,15,14,9,14,4.01,4.11,307.6,311.5,0,0,0,0,0,0,1,100
2025-08-17 22:13:39,10,9,15,14,9,13,4.013,4.111,308,311.6,0,0,0,0,0,0,1,100
2025-08-17 22:13:49,9,9,15,14,9,14,4.006,4.112,307.9,311.8,0,0,0,0,0,0,1,100
2025-08-17 22:13:59,10,9,15,14,9,14,4.004,4.112,307.9,311.8,0,0,0,0,0,0,1,100
2025-08-17 22:14:09,10,9,15,14,9,13,4.009,4.109,307.6,311.7,0,0,0,0,0,0,1,100
2025-08-17 22:14:19,10,9,15,14,9,14,4.007,4.109,307.8,311.6,0,0,0,0,0,0,1,100
2025-08-17 22:14:29,10,9,15,14,9,14,4.001,4.109,307.9,311.5,0,0,0,0,0,0,1,100
2025-08-17 22:14:40,10,10,15,14,9,14,4.006,4.107,307.8,311.5,0,0,0,0,0,0,1,100
2025-08-17 22:14:50,10,9,15,14,9,14,4.003,4.105,307.9,311.6,0,0,0,0,0,0,1,100
2025-08-17 22:15:00,10,9,15,14,9,13,4.004,4.108,307.8,311.3,0,0,0,0,0,0,1,100
2025-08-17 22:15:10,10,9,15,14,9,14,4.006,4.109,307.9,311.4,0,0,0,0,0,0,1,100
2025-08-17 22:15:20,10,9,15,14,10,14,4.009,4.108,308,311.7,0,0,0,0,0,0,1,100
2025-08-17 22:15:30,10,10,15,14,9,14,4.007,4.108,307.9,311.7,0,0,0,0,0,0,1,100
2025-08-17 22:15:40,10,9,15,14,9,14,4.007,4.108,307.6,311.6,0,0,0,0,0,0,1,100
2025-08-17 22:15:50,10,9,15,14,9,14,4.005,4.109,307.6,311.8,0,0,0,0,0,0,1,100
2025-08-17 22:16:01,10,9,15,14,9,14,4.007,4.109,307.8,311.5,0,0,0,0,0,0,1,100
2025-08-17 22:16:11,10,9,14,14,9,13,4.005,4.112,307.7,311.5,0,0,0,0,0,0,1,100
2025-08-17 22:16:21,10,9,15,14,9,14,4.005,4.11,307.8,311.3,0,0,0,0,0,0,1,100
2025-08-17 22:16:31,10,9,15,14,9,14,4.009,4.111,307.9,311.4,0,0,0,0,0,0,1,100
2025-08-17 22:16:41,10,10,15,14,9,13,4.003,4.113,307.8,311.3,0,0,0,0,0,0,1,100
2025-08-17 22:16:51,10,9,15,13,9,13,4.003,4.106,308,311.4,0,0,0,0,0,0,1,100
2025-08-17 22:17:01,10,9,15,14,10,14,4.002,4.109,307.7,311.5,0,0,0,0,0,0,1,100
2025-08-17 22:17:11,10,9,15,14,9,14,4.005,4.112,307.9,311.4,0,0,0,0,0,0,1,100
2025-08-17 22:17:22,10,9,14,14,9,13,4.004,4.111,308,311.5,0,0,0,0,0,0,1,100
2025-08-17 22:17:32,10,9,15,14,9,14,4.009,4.107,308.1,311.4,0,0,0,0,0,0,1,100
2025-08-17 22:17:42,10,9,15,14,9,14,4.003,4.112,308,311.5,0,0,0,0,0,0,1,100
2025-08-17 22:17:52,10,10,15,14,10,14,4.003,4.107,307.9,311.4,0,0,0,0,0,0,1,100
2025-08-17 22:18:02,10,9,15,14,9,14,4.008,4.109,307.9,311.4,0,0,0,0,0,0,1,100
2025-08-17 22:18:12,10,9,15,13,9,14,4.005,4.11,307.8,311.6,0,0,0,0,0,0,1,100
2025-08-17 22:18:22,10,9,15,14,9,13,4.002,4.114,307.9,311.6,0,0,0,0,0,0,1,100
2025-08-17 22:18:32,9,9,15,14,9,14,4.004,4.11,308,311.5,0,0,0,0,0,0,1,100
2025-08-17 22:18:42,10,9,15,14,9,14,4.005,4.109,307.7,311.6,0,0,0,0,0,0,1,100
2025-08-17 22:18:53,10,9,14,14,9,13,4,4.109,307.8,311.5,0,0,0,0,0,0,1,100
2025-08-17 22:19:03,9,10,15,14,9,15,4.004,4.113,307.8,311.5,0,0,0,0,0,0,1,100
2025-08-17 22:19:13,10,9,15,14,9,14,4.003,4.103,307.9,311.4,0,0,0,0,0,0,1,100
2025-08-17 22:19:23,10,10,15,14,9,14,4.003,4.106,307.8,311.6,0,0,0,0,0,0,1,100
2025-08-17 22:19:33,10,9,15,13,9,14,4.003,4.111,307.6,311.6,0,0,0,0,0,0,1,100
2025-08-17 22:19:43,10,9,15,14,9,14,4.005,4.106,307.7,311.6,0,0,0,0,0,0,1,100
2025-08-17 22:19:53,10,9,14,14,9,14,4.001,4.109,308,311.5,0,0,0,0,0,0,1,100
2025-08-17 22:20:03,10,9,15,13,9,14,4.003,4.11,308.1,311.5,0,0,0,0,0,0,1,100
2025-08-17 22:20:14,10,9,15,14,9,14,4.002,4.108,307.9,311.5,0,0,0,0,0,0,1,100
2025-08-17 22:20:24,10,9,15,14,9,14,4.005,4.109,307.8,311.4,0,0,0,0,0,0,1,100
2025-08-17 22:20:34,10,9,15,14,9,14,4.002,4.113,307.9,311.5,0,0,0,0,0,0,1,100
2025-08-17 22:20:44,10,9,15,14,9,14,4.001,4.109,308,311.6,0,0,0,0,0,0,1,100
2025-08-17 22:20:54,10,9,15,14,9,14,4.006,4.11,307.9,311.7,0,0,0,0,0,0,1,100
2025-08-17 22:21:04,10,9,15,14,9,14,4.006,4.112,307.8,311.7,0,0,0,0,0,0,1,100
2025-08-17 22:21:14,10,10,15,14,9,13,4.006,4.109,307.8,311.6,0,0,0,0,0,0,1,100
2025-08-17 22:21:24,10,9,15,14,9,13,4.008,4.111,307.9,311.7,0,0,0,0,0,0,1,100
2025-08-17 22:21:34,10,10,15,14,9,13,4.007,4.109,307.8,311.6,0,0,0,0,0,0,1,100
2025-08-17 22:21:45,10,9,14,14,9,14,4.004,4.108,307.9,311.8,0,0,0,0,0,0,1,100
2025-08-17 22:21:55,10,10,15,14,9,13,4.003,4.108,307.8,311.7,0,0,0,0,0,0,1,100
2025-08-17 22:22:05,10,10,15,14,9,14,4.008,4.107,307.9,311.4,0,0,0,0,0,0,1,100
2025-08-17 22:22:15,10,9,15,14,10,14,4.004,4.107,307.8,311.7,0,0,0,0,0,0,1,100
2025-08-17 22:22:25,10,9,15,14,9,14,4.005,4.106,307.9,311.6,0,0,0,0,0,0,1,100
2025-08-17 22:22:35,10,9,15,14,9,13,4.008,4.107,308,311.5,0,0,0,0,0,0,1,100
2025-08-17 22:22:45,10,9,15,14,9,14,4.007,4.107,308,311.7,0,0,0,0,0,0,1,100
2025-08-17 22:22:55,10,10,15,14,10,14,4.002,4.106,307.7,311.6,0,0,0,0,0,0,1,100
2025-08-17 22:23:06,10,9,14,14,9,13,4.007,4.11,307.8,311.6,0,0,0,0,0,0,1,100
2025-08-17 22:23:16,10,9,15,14,9,13,4.006,4.107,307.8,311.4,0,0,0,0,0,0,1,100
2025-08-17 22:23:26,10,9,15,14,9,13,4.007,4.109,307.9,311.4,0,0,0,0,0,0,1,100
2025-08-17 22:23:36,10,9,15,14,9,14,4.007,4.111,307.8,311.6,0,0,0,0,0,0,1,100
2025-08-17 22:23:46,10,9,15,14,9,13,4.006,4.106,307.9,311.5,0,0,0,0,0,0,1,100
2025-08-17 22:23:56,10,10,15,14,9,14,4.006,4.107,307.9,311.8,0,0,0,0,0,0,1,100
2025-08-17 22:24:06,10,9,15,14,9,14,4.002,4.104,307.9,311.5,0,0,0,0,0,0,1,100
2025-08-17 22:24:17,10,9,15,14,9,13,4.002,4.105,307.9,311.5,0,0,0,0,0,0,1,100
2025-08-17 22:24:27,10,9,15,14,9,13,4.003,4.105,308,311.5,0,0,0,0,0,0,1,100
2025-08-17 22:24:37,10,9,15,14,10,14,4.003,4.11,308,311.7,0,0,0,0,0,0,1,100
2025-08-17 22:24:47,10,9,15,14,9,14,4.005,4.105,308.1,311.5,0,0,0,0,0,0,1,100
2025-08-17 22:24:57,10,9,15,14,10,14,4.005,4.104,307.9,311.5,0,0,0,0,0,0,1,100
2025-08-17 22:25:07,10,9,15,14,9,14,4.005,4.109,308,311.4,0,0,0,0,0,0,1,100
2025-08-17 22:25:17,10,9,15,14,9,13,4.008,4.106,307.7,311.3,0,0,0,0,0,0,1,100
2025-08-17 22:25:27,10,9,15,14,9,14,4.007,4.111,307.8,311.6,0,0,0,0,0,0,1,100
2025-08-17 22:25:38,10,9,15,14,9,13,4.005,4.113,307.8,311.5,0,0,0,0,0,0,1,100
2025-08-17 22:25:48,9,9,15,14,9,14,4.005,4.104,308,311.6,0,0,0,0,0,0,1,100
2025-08-17 22:25:58,9,9,15,14,9,14,4.004,4.109,307.8,311.5,0,0,0,0,0,0,1,100
2025-08-17 22:26:08,10,10,15,14,9,13,4.002,4.105,307.9,311.4,0,0,0,0,0,0,1,100
2025-08-17 22:26:18,10,9,15,14,10,13,4.004,4.107,307.9,311.5,0,0,0,0,0,0,1,100
2025-08-17 22:26:28,10,9,15,14,9,14,4.004,4.11,307.8,311.3,0,0,0,0,0,0,1,100
2025-08-17 22:26:38,10,9,15,14,10,14,3.997,4.106,307.7,311.4,0,0,0,0,0,0,1,100
2025-08-17 22:26:48,10,9,15,14,9,14,4.004,4.109,307.6,311.8,0,0,0,0,0,0,1,100
2025-08-17 22:26:59,9,9,15,14,9,14,4.004,4.108,308,311.6,0,0,0,0,0,0,1,100
2025-08-17 22:27:09,10,9,15,14,9,14,4,4.109,307.1,311.4,0,0,0,0,0,0,1,100
2025-08-17 22:27:19,10,9,15,14,9,14,4.009,4.108,307.9,311.4,0,0,0,0,0,0,1,100
2025-08-17 22:27:29,10,9,15,14,9,14,4.005,4.11,308,311.6,0,0,0,0,0,0,1,100
2025-08-17 22:27:39,10,9,15,14,9,14,4.004,4.112,307.9,311.7,0,0,0,0,0,0,1,100
2025-08-17 22:27:49,10,9,15,14,9,13,4.001,4.109,307.9,311.6,0,0,0,0,0,0,1,100
2025-08-17 22:27:59,10,9,15,14,9,14,4.005,4.111,307.8,311.6,0,0,0,0,0,0,1,100
2025-08-17 22:28:09,10,9,15,14,9,13,3.997,4.106,307.9,311.8,0,0,0,0,0,0,1,100
2025-08-17 22:28:19,10,9,15,14,9,14,4.004,4.111,307.9,311.8,0,0,0,0,0,0,1,100
2025-08-17 22:28:30,10,9,15,14,9,14,4.007,4.104,307.9,311.3,0,0,0,0,0,0,1,100
2025-08-17 22:28:40,10,9,15,14,9,14,4.004,4.107,307.9,311.5,0,0,0,0,0,0,1,100
2025-08-17 22:28:50,10,9,15,14,10,13,4.005,4.108,307.9,311.4,0,0,0,0,0,0,1,100
2025-08-17 22:29:00,10,9,15,14,9,13,4.004,4.109,308.3,311.4,0,0,0,0,0,0,1,100
2025-08-17 22:29:10,10,9,15,14,9,14,4.004,4.109,307.8,311.6,0,0,0,0,0,0,1,100
2025-08-17 22:29:20,10,9,15,14,9,13,4.006,4.11,307.8,311.5,0,0,0,0,0,0,1,100
2025-08-17 22:29:30,10,10,16,14,9,13,4.001,4.109,307.8,311.8,0,0,0,0,0,0,1,100
2025-08-17 22:29:41,10,9,15,14,9,14,4.003,4.107,307.9,311.5,0,0,0,0,0,0,1,100
2025-08-17 22:29:51,10,9,15,14,9,14,4.004,4.104,307.9,311.5,0,0,0,0,0,0,1,100
2025-08-17 22:30:01,10,9,15,14,9,13,4.002,4.106,308.2,311.6,0,0,0,0,0,0,1,100
2025-08-17 22:30:11,10,9,14,14,9,14,4.004,4.106,307.7,311.5,0,0,0,0,0,0,1,100
2025-08-17 22:30:21,10,9,15,14,9,14,4.007,4.104,307.8,311.4,0,0,0,0,0,0,1,100
2025-08-17 22:30:31,10,10,15,14,9,14,4.006,4.104,307.9,311.5,0,0,0,0,0,0,1,100
2025-08-17 22:30:41,10,9,15,14,9,13,4.004,4.104,307.8,311.4,0,0,0,0,0,0,1,100
2025-08-17 22:30:52,10,9,15,14,9,14,4.004,4.106,307.7,311.6,0,0,0,0,0,0,1,100
2025-08-17 22:31:02,10,9,15,14,9,14,4.004,4.106,307.6,311.7,0,0,0,0,0,0,1,100
2025-08-17 22:31:12,10,9,15,14,9,14,4.007,4.106,307.7,311.7,0,0,0,0,0,0,1,100
2025-08-17 22:31:22,10,9,15,14,9,14,4.003,4.107,308.1,311.5,0,0,0,0,0,0,1,100
2025-08-17 22:31:32,10,9,15,14,9,14,4.005,4.106,308.1,311.6,0,0,0,0,0,0,1,100
2025-08-17 22:31:42,10,9,15,14,9,14,4.006,4.107,307.6,311.7,0,0,0,0,0,0,1,100
2025-08-17 22:31:52,10,10,15,14,9,14,4.01,4.103,307.7,311.8,0,0,0,0,0,0,1,100
2025-08-17 22:32:02,10,9,15,14,10,14,4.008,4.108,307.9,311.6,0,0,0,0,0,0,1,100
2025-08-17 22:32:13,10,9,15,14,9,14,4.005,4.106,307.7,311.5,0,0,0,0,0,0,1,100
2025-08-17 22:32:23,10,10,15,14,9,14,4.003,4.107,307.9,311.8,0,0,0,0,0,0,1,100
2025-08-17 22:32:33,10,9,15,14,9,13,4.002,4.107,307.9,311.6,0,0,0,0,0,0,1,100
2025-08-17 22:32:43,10,9,15,14,9,14,4.002,4.108,307.7,311.6,0,0,0,0,0,0,1,100
2025-08-17 22:32:53,10,9,15,14,9,14,4.001,4.106,307.9,311.7,0,0,0,0,0,0,1,100
2025-08-17 22:33:03,10,9,15,14,9,14,4.004,4.109,307.9,311.7,0,0,0,0,0,0,1,100
2025-08-17 22:33:13,10,9,15,14,9,13,4.006,4.105,308,311.8,0,0,0,0,0,0,1,100
2025-08-17 22:33:23,10,9,15,14,9,14,4.005,4.11,307.7,311.8,0,0,0,0,0,0,1,100
2025-08-17 22:33:33,10,10,15,14,9,13,4.003,4.106,308,312,0,0,0,0,0,0,1,100
2025-08-17 22:33:43,10,9,15,14,9,13,4.008,4.109,307.8,311.6,0,0,0,0,0,0,1,100
2025-08-17 22:33:54,10,9,15,14,9,13,4.005,4.108,308,311.6,0,0,0,0,0,0,1,100
2025-08-17 22:34:04,10,9,15,14,9,14,4.004,4.108,307.8,311.5,0,0,0,0,0,0,1,100
2025-08-17 22:34:14,10,9,15,14,9,14,4.003,4.109,307.8,311.8,0,0,0,0,0,0,1,100
2025-08-17 22:34:24,11,9,15,14,9,14,4.004,4.111,307.9,311.9,0,0,0,0,0,0,1,100
2025-08-17 22:34:34,10,9,15,13,9,14,4.004,4.106,308,311.5,0,0,0,0,0,0,1,100
2025-08-17 22:34:44,10,9,15,14,9,14,4.004,4.111,307.9,311.9,0,0,0,0,0,0,1,100
2025-08-17 22:34:54,10,9,15,14,10,14,4.004,4.106,307.9,311.6,0,0,0,0,0,0,1,100
2025-08-17 22:35:04,10,9,15,14,9,13,4.001,4.109,308,311.7,0,0,0,0,0,0,1,100
2025-08-17 22:35:15,10,9,15,14,10,14,4.003,4.109,307.9,311.7,0,0,0,0,0,0,1,100
2025-08-17 22:35:25,10,9,15,14,9,14,4.004,4.103,308.1,311.9,0,0,0,0,0,0,1,100
2025-08-17 22:35:35,10,9,15,14,9,14,4.005,4.108,308.2,311.5,0,0,0,0,0,0,1,100
2025-08-17 22:35:45,10,9,15,14,9,13,4.004,4.109,308.1,311.6,0,0,0,0,0,0,1,100
2025-08-17 22:35:55,10,9,15,13,9,14,4.003,4.107,308,311.5,0,0,0,0,0,0,1,100
2025-08-17 22:36:05,10,9,15,14,9,14,4.002,4.107,307.9,311.7,0,0,0,0,0,0,1,100
2025-08-17 22:36:15,10,9,15,14,10,14,4.005,4.112,307.8,311.2,0,0,0,0,0,0,1,100
2025-08-17 22:36:25,10,9,15,14,9,14,3.999,4.107,307.8,311.5,0,0,0,0,0,0,1,100
2025-08-17 22:36:35,10,9,15,14,9,14,4.001,4.106,307.7,311.6,0,0,0,0,0,0,1,100
2025-08-17 22:36:45,9,9,15,14,9,14,4.002,4.11,308.1,311.3,0,0,0,0,0,0,1,100
2025-08-17 22:36:55,10,10,15,14,9,14,4.003,4.108,308,311.6,0,0,0,0,0,0,1,100
2025-08-17 22:37:06,10,10,15,14,9,14,3.998,4.108,307.9,311.6,0,0,0,0,0,0,1,100
2025-08-17 22:37:16,10,9,15,14,9,14,4.001,4.109,307.8,311.6,0,0,0,0,0,0,1,100
2025-08-17 22:37:26,10,9,15,14,9,14,4.002,4.11,308,311.6,0,0,0,0,0,0,1,100
2025-08-17 22:37:36,10,9,15,14,10,14,4,4.113,308.1,311.7,0,0,0,0,0,0,1,100
2025-08-17 22:37:46,10,9,15,14,9,14,3.998,4.107,308.4,311.6,0,0,0,0,0,0,1,100
2025-08-17 22:37:56,10,9,15,14,10,14,3.998,4.106,307.9,311.5,0,0,0,0,0,0,1,100
2025-08-17 22:38:06,10,9,15,14,9,14,3.997,4.113,307.8,311.6,0,0,0,0,0,0,1,100
2025-08-17 22:38:16,10,9,14,14,9,14,3.998,4.109,307.9,311.4,0,0,0,0,0,0,1,100
2025-08-17 22:38:26,10,9,15,14,9,14,4.004,4.112,307.8,311.7,0,0,0,0,0,0,1,100
2025-08-17 22:38:36,10,9,15,14,9,14,3.998,4.109,308,311.4,0,0,0,0,0,0,1,100
2025-08-17 22:38:46,10,9,15,14,9,14,4.004,4.11,307.7,311.5,0,0,0,0,0,0,1,100
2025-08-17 22:38:57,10,9,15,14,9,13,4.002,4.112,307.9,311.7,0,0,0,0,0,0,1,100
2025-08-17 22:39:07,10,9,15,14,9,14,4.004,4.11,308,311.6,0,0,0,0,0,0,1,100
2025-08-17 22:39:17,10,10,15,14,9,14,4.005,4.112,307.8,311.7,0,0,0,0,0,0,1,100
2025-08-17 22:39:27,10,9,15,14,10,14,4.004,4.117,308.2,311.8,0,0,0,0,0,0,1,100
2025-08-17 22:39:37,10,9,15,14,9,13,4.003,4.114,307.9,311.7,0,0,0,0,0,0,1,100
2025-08-17 22:39:47,10,9,15,14,9,14,4.001,4.114,307.7,311.5,0,0,0,0,0,0,1,100
2025-08-17 22:39:57,11,9,15,14,9,13,4.003,4.111,308,311.8,0,0,0,0,0,0,1,100
2025-08-17 22:40:07,10,9,15,14,9,14,3.999,4.114,307.9,311.6,0,0,0,0,0,0,1,100
2025-08-17 22:40:17,10,10,15,14,9,14,4.004,4.116,307.9,311.7,0,0,0,0,0,0,1,100
2025-08-17 22:40:28,10,9,14,14,9,14,3.997,4.109,308,311.6,0,0,0,0,0,0,1,100
2025-08-17 22:40:38,10,9,15,13,9,14,4.003,4.112,307.7,311.6,0,0,0,0,0,0,1,100
2025-08-17 22:40:48,10,10,15,14,10,14,4.004,4.111,307.9,311.5,0,0,0,0,0,0,1,100
2025-08-17 22:40:58,10,9,15,14,9,13,4.002,4.111,308,311.7,0,0,0,0,0,0,1,100
2025-08-17 22:41:08,10,9,15,14,9,14,4.003,4.11,308,311.6,0,0,0,0,0,0,1,100
2025-08-17 22:41:18,10,9,15,14,9,14,4.004,4.114,308,311.3,0,0,0,0,0,0,1,100
2025-08-17 22:41:28,10,9,15,14,9,14,4.003,4.113,308,311.5,0,0,0,0,0,0,1,100
2025-08-17 22:41:38,10,9,15,13,9,14,4.003,4.109,307.5,311.5,0,0,0,0,0,0,1,100
2025-08-17 22:41:48,10,9,15,14,9,13,4.001,4.112,308.1,311.5,0,0,0,0,0,0,1,100
2025-08-17 22:41:58,10,9,15,14,9,13,4.001,4.109,307.7,311.8,0,0,0,0,0,0,1,100
2025-08-17 22:42:09,10,9,14,14,9,14,3.999,4.108,307.9,311.6,0,0,0,0,0,0,1,100
2025-08-17 22:42:19,9,9,15,14,9,14,4.001,4.109,307.8,311.6,0,0,0,0,0,0,1,100
2025-08-17 22:42:29,10,9,15,14,9,14,4.005,4.112,308,311.5,0,0,0,0,0,0,1,100
2025-08-17 22:42:39,10,9,14,14,9,14,4.002,4.109,308,311.7,0,0,0,0,0,0,1,100
2025-08-17 22:42:49,10,9,15,14,9,14,4.011,4.112,307.5,311.7,0,0,0,0,0,0,1,100
2025-08-17 22:42:59,10,9,15,14,9,13,4.006,4.114,308,311.8,0,0,0,0,0,0,1,100
2025-08-17 22:43:09,9,9,15,14,9,14,4,4.111,308,311.6,0,0,0,0,0,0,1,100
2025-08-17 22:43:19,10,9,15,14,9,14,4.002,4.113,307.6,311.6,0,0,0,0,0,0,1,100
2025-08-17 22:43:29,10,9,15,14,9,14,4.005,4.107,307.9,311.5,0,0,0,0,0,0,1,100
2025-08-17 22:43:39,10,9,15,14,9,14,3.998,4.113,307.8,311.8,0,0,0,0,0,0,1,100
2025-08-17 22:43:50,10,9,14,14,9,14,4.011,4.11,307.8,311.5,0,0,0,0,0,0,1,100
2025-08-17 22:44:00,10,9,15,14,9,14,4.007,4.109,307.9,311.5,0,0,0,0,0,0,1,100
2025-08-17 22:44:10,10,9,15,14,9,13,4.001,4.105,307.7,311.6,0,0,0,0,0,0,1,100
2025-08-17 22:44:20,10,9,15,14,9,13,4.005,4.107,307.7,311.5,0,0,0,0,0,0,1,100
2025-08-17 22:44:30,10,9,16,14,9,14,4.007,4.114,308,311.4,0,0,0,0,0,0,1,100
2025-08-17 22:44:40,10,9,15,14,10,14,4.002,4.111,307.8,311.8,0,0,0,0,0,0,1,100
2025-08-17 22:44:50,10,9,15,14,9,14,4.006,4.112,307.8,311.8,0,0,0,0,0,0,1,100
2025-08-17 22:45:00,10,9,15,14,9,13,4.007,4.11,307.8,311.9,0,0,0,0,0,0,1,100
2025-08-17 22:45:11,10,9,15,14,10,14,4.009,4.11,307.8,311.6,0,0,0,0,0,0,1,100
2025-08-17 22:45:21,10,9,15,14,9,14,4.003,4.112,308,311.6,0,0,0,0,0,0,1,100
2025-08-17 22:45:31,10,9,15,14,9,14,4.007,4.112,308,311.7,0,0,0,0,0,0,1,100
2025-08-17 22:45:41,10,9,15,14,9,13,4.008,4.109,308,311.5,0,0,0,0,0,0,1,100
2025-08-17 22:45:51,10,9,15,14,9,14,4.008,4.11,308.1,311.8,0,0,0,0,0,0,1,100
2025-08-17 22:46:01,10,9,15,14,9,14,4.007,4.114,307.9,311.6,0,0,0,0,0,0,1,100
2025-08-17 22:46:11,10,9,15,14,10,13,4.003,4.115,307.9,311.6,0,0,0,0,0,0,1,100
2025-08-17 22:46:21,10,9,15,14,9,14,4.003,4.109,307.9,311.8,0,0,0,0,0,0,1,100
2025-08-17 22:46:31,10,9,14,14,9,14,4.006,4.114,307.9,311.8,0,0,0,0,0,0,1,100
2025-08-17 22:46:41,10,10,15,14,9,14,4.006,4.113,307.9,311.9,0,0,0,0,0,0,1,100
2025-08-17 22:46:52,10,9,15,14,9,13,4.005,4.109,308,311.9,0,0,0,0,0,0,1,100
2025-08-17 22:47:02,10,9,15,14,9,14,4.001,4.112,307.9,311.4,0,0,0,0,0,0,1,100
2025-08-17 22:47:12,10,9,15,14,9,13,4.002,4.113,307.9,311.4,0,0,0,0,0,0,1,100
2025-08-17 22:47:22,10,9,15,14,9,14,4.004,4.111,307.9,311.4,0,0,0,0,0,0,1,100
2025-08-17 22:47:32,10,10,15,14,9,14,4.003,4.112,307.8,311.6,0,0,0,0,0,0,1,100
2025-08-17 22:47:42,10,9,15,14,9,13,4.006,4.113,307.9,311.1,0,0,0,0,0,0,1,100
2025-08-17 22:47:52,10,9,15,14,9,14,4.006,4.11,308,311.7,0,0,0,0,0,0,1,100
2025-08-17 22:48:02,10,10,15,14,9,14,4.01,4.109,307.9,311.6,0,0,0,0,0,0,1,100
2025-08-17 22:48:12,10,9,15,14,9,14,4.002,4.109,307.9,311.6,0,0,0,0,0,0,1,100
2025-08-17 22:48:23,10,9,15,14,9,14,4.008,4.108,307.7,311.5,0,0,0,0,0,0,1,100
2025-08-17 22:48:33,10,10,15,14,9,14,4.004,4.108,308.5,311.6,0,0,0,0,0,0,1,100
2025-08-17 22:48:43,10,9,15,14,9,14,4.004,4.109,307.9,311.5,0,0,0,0,0,0,1,100
2025-08-17 22:48:53,10,9,14,14,9,14,4.002,4.107,308,311.6,0,0,0,0,0,0,1,100
2025-08-17 22:49:03,10,9,15,14,9,14,4.004,4.114,308,311.5,0,0,0,0,0,0,1,100
2025-08-17 22:49:13,10,10,15,14,9,14,4.005,4.112,307.6,311.6,0,0,0,0,0,0,1,100
2025-08-17 22:49:23,10,9,15,14,9,14,4.007,4.11,308,311.6,0,0,0,0,0,0,1,100
2025-08-17 22:49:33,10,9,15,14,9,14,4.002,4.106,308,311.6,0,0,0,0,0,0,1,100
2025-08-17 22:49:43,10,9,15,14,9,14,4,4.109,308.1,311.5,0,0,0,0,0,0,1,100
2025-08-17 22:49:53,10,9,15,14,9,14,4.003,4.106,308,311.6,0,0,0,0,0,0,1,100
2025-08-17 22:50:03,10,10,15,14,9,14,4.004,4.109,307.9,311.6,0,0,0,0,0,0,1,100
2025-08-17 22:50:13,10,9,15,13,9,14,3.999,4.109,308,311.8,0,0,0,0,0,0,1,100
2025-08-17 22:50:23,10,9,15,13,9,14,3.998,4.106,308.1,311.7,0,0,0,0,0,0,1,100
2025-08-17 22:50:33,10,9,15,13,9,14,4.006,4.111,308,311.7,0,0,0,0,0,0,1,100
2025-08-17 22:50:44,10,9,15,14,9,14,4.003,4.111,308,311.8,0,0,0,0,0,0,1,100
2025-08-17 22:50:54,10,9,15,14,9,14,4.002,4.11,307.9,311.8,0,0,0,0,0,0,1,100
2025-08-17 22:51:04,10,9,15,14,9,14,4,4.111,308.1,311.7,0,0,0,0,0,0,1,100
2025-08-17 22:51:14,10,9,15,14,9,14,4.002,4.108,308,311.9,0,0,0,0,0,0,1,100
2025-08-17 22:51:24,10,9,15,14,9,14,4.004,4.106,308,311.7,0,0,0,0,0,0,1,100
2025-08-17 22:51:34,10,9,15,14,9,14,4,4.106,307.9,311.8,0,0,0,0,0,0,1,100
2025-08-17 22:51:44,10,9,15,14,9,14,4.004,4.106,308.1,311.5,0,0,0,0,0,0,1,100
2025-08-17 22:51:54,10,9,15,14,9,14,4.006,4.106,307.9,311.6,0,0,0,0,0,0,1,100
2025-08-17 22:52:04,10,9,15,14,9,14,4.006,4.106,307.9,311.4,0,0,0,0,0,0,1,100
2025-08-17 22:52:15,9,9,15,14,9,13,4.01,4.109,307.9,311.6,0,0,0,0,0,0,1,100
2025-08-17 22:52:25,10,9,15,14,9,14,4.006,4.107,307.8,311.7,0,0,0,0,0,0,1,100
2025-08-17 22:52:35,10,9,15,14,9,14,4.005,4.109,308,311.9,0,0,0,0,0,0,1,100
2025-08-17 22:52:45,10,9,15,14,9,13,4.006,4.111,308.3,311.9,0,0,0,0,0,0,1,100
2025-08-17 22:52:55,10,10,15,14,9,14,4.013,4.107,307.9,311.5,0,0,0,0,0,0,1,100
2025-08-17 22:53:05,10,9,15,14,9,14,4.013,4.106,308,311.6,0,0,0,0,0,0,1,100
2025-08-17 22:53:15,10,9,15,14,9,14,4.004,4.11,307.9,311.4,0,0,0,0,0,0,1,100
2025-08-17 22:53:25,10,9,15,14,9,14,4.007,4.107,307.9,311.3,0,0,0,0,0,0,1,100
2025-08-17 22:53:36,10,9,15,14,9,14,4.004,4.107,308,311.7,0,0,0,0,0,0,1,100
2025-08-17 22:53:46,9,9,15,14,9,13,4.01,4.109,307.7,311.6,0,0,0,0,0,0,1,100
2025-08-17 22:53:56,10,9,15,14,9,14,4.007,4.111,307.8,311.6,0,0,0,0,0,0,1,100
2025-08-17 22:54:06,10,9,15,14,9,14,4.005,4.11,307.9,311.5,0,0,0,0,0,0,1,100
2025-08-17 22:54:16,10,10,15,14,9,14,4.003,4.109,307.9,311.7,0,0,0,0,0,0,1,100
2025-08-17 22:54:26,9,9,15,14,9,13,4.008,4.111,307.9,311.6,0,0,0,0,0,0,1,100
2025-08-17 22:54:36,11,9,15,14,9,14,4.002,4.109,307.7,311.5,0,0,0,0,0,0,1,100
2025-08-17 22:54:47,10,9,15,14,9,14,4.01,4.109,307.8,311.2,0,0,0,0,0,0,1,100
2025-08-17 22:54:57,10,10,15,14,9,14,4.011,4.113,307.9,311.5,0,0,0,0,0,0,1,100
2025-08-17 22:55:07,10,9,15,14,9,14,4.011,4.109,307.9,311.8,0,0,0,0,0,0,1,100
2025-08-17 22:55:17,10,10,15,14,9,13,4.008,4.108,307.9,311.8,0,0,0,0,0,0,1,100
2025-08-17 22:55:27,10,9,15,14,9,14,4.002,4.107,307.9,311.7,0,0,0,0,0,0,1,100
2025-08-17 22:55:37,11,9,15,14,9,14,4.003,4.11,308,311.6,0,0,0,0,0,0,1,100
2025-08-17 22:55:47,10,10,15,14,9,14,4.006,4.108,308,311.5,0,0,0,0,0,0,1,100
2025-08-17 22:55:57,10,9,15,14,9,14,4.002,4.112,308,311.6,0,0,0,0,0,0,1,100
2025-08-17 22:56:07,10,9,15,14,9,14,4.014,4.107,308,311.2,0,0,0,0,0,0,1,100
2025-08-17 22:56:18,10,9,15,14,9,13,4.007,4.107,307.8,311.5,0,0,0,0,0,0,1,100
2025-08-17 22:56:28,10,9,15,14,9,14,4.007,4.107,307.7,311.5,0,0,0,0,0,0,1,100
2025-08-17 22:56:38,10,9,15,14,9,14,4.004,4.107,307.9,311.6,0,0,0,0,0,0,1,100
2025-08-17 22:56:48,10,10,15,14,10,14,4.008,4.106,308,311.7,0,0,0,0,0,0,1,100
2025-08-17 22:56:58,10,10,15,14,9,14,4.008,4.108,308,311.6,0,0,0,0,0,0,1,100
2025-08-17 22:57:08,10,9,15,14,9,14,4.001,4.106,308,311.4,0,0,0,0,0,0,1,100
2025-08-17 22:57:18,10,9,15,14,9,14,4.002,4.112,308.1,311.2,0,0,0,0,0,0,1,100
2025-08-17 22:57:28,10,9,15,14,9,13,4.005,4.106,308.2,311.4,0,0,0,0,0,0,1,100
2025-08-17 22:57:38,10,9,15,14,9,14,4.001,4.108,307.8,311.6,0,0,0,0,0,0,1,100
2025-08-17 22:57:48,10,9,15,14,9,13,4.005,4.113,308.2,311.4,0,0,0,0,0,0,1,100
2025-08-17 22:57:59,10,9,14,14,9,14,4.004,4.107,307.8,311.3,0,0,0,0,0,0,1,100
2025-08-17 22:58:09,10,9,15,14,9,14,4.006,4.109,307.9,311.4,0,0,0,0,0,0,1,100
2025-08-17 22:58:19,10,9,15,14,9,14,4.009,4.113,307.8,310.8,0,0,0,0,0,0,1,100
2025-08-17 22:58:29,10,10,15,14,9,14,4.005,4.11,308,311.5,0,0,0,0,0,0,1,100
2025-08-17 22:58:39,10,9,15,14,9,14,4.007,4.109,307.7,311.5,0,0,0,0,0,0,1,100
2025-08-17 22:58:49,10,9,15,14,9,14,4,4.109,307.9,311.7,0,0,0,0,0,0,1,100
2025-08-17 22:58:59,10,9,15,14,9,14,4.008,4.11,307.9,311.5,0,0,0,0,0,0,1,100
2025-08-17 22:59:09,10,9,15,14,9,14,4.008,4.109,307.8,311.8,0,0,0,0,0,0,1,100
2025-08-17 22:59:20,9,9,15,14,9,14,4.009,4.109,307.9,311.7,0,0,0,0,0,0,1,100
2025-08-17 22:59:30,10,9,15,14,9,14,4.009,4.11,308.2,311.5,0,0,0,0,0,0,1,100
2025-08-17 22:59:40,11,9,15,14,9,14,4.005,4.107,308.3,311.7,0,0,0,0,0,0,1,100
2025-08-17 22:59:50,10,9,15,14,9,14,4.004,4.108,308.1,311.4,0,0,0,0,0,0,1,100
2025-08-17 23:00:00,10,9,15,14,9,14,4.006,4.106,308,311.7,0,0,0,0,0,0,1,100
2025-08-17 23:00:10,10,9,15,14,9,14,3.998,4.109,307.9,311.4,0,0,0,0,0,0,1,100
2025-08-17 23:00:20,10,9,15,14,9,14,4.004,4.109,307.9,311.5,0,0,0,0,0,0,1,100
2025-08-17 23:00:30,10,9,15,14,9,14,4.001,4.109,307.8,311.5,0,0,0,0,0,0,1,100
2025-08-17 23:00:40,10,9,15,14,9,14,4.002,4.107,307.9,311.8,0,0,0,0,0,0,1,100
2025-08-17 23:00:50,10,9,15,14,9,14,4.002,4.106,307.8,311.6,0,0,0,0,0,0,1,100
2025-08-17 23:01:01,10,9,15,14,9,14,4.003,4.107,307.8,311.6,0,0,0,0,0,0,1,100
2025-08-17 23:01:11,10,9,15,14,9,14,4.006,4.11,307.9,311.5,0,0,0,0,0,0,1,100
2025-08-17 23:01:21,10,9,14,14,9,14,4.004,4.112,307.9,311.9,0,0,0,0,0,0,1,100
2025-08-17 23:01:31,10,9,15,14,9,14,4.004,4.112,307.8,311.7,0,0,0,0,0,0,1,100
2025-08-17 23:01:41,10,9,15,14,9,14,4.002,4.109,307.9,311.6,0,0,0,0,0,0,1,100
2025-08-17 23:01:51,10,9,15,14,9,14,4.004,4.11,307.9,311.6,0,0,0,0,0,0,1,100
2025-08-17 23:02:01,10,10,15,14,9,14,3.999,4.11,307.8,311.6,0,0,0,0,0,0,1,100
2025-08-17 23:02:11,10,10,15,14,9,14,4,4.111,307.8,311.5,0,0,0,0,0,0,1,100
2025-08-17 23:02:21,10,9,15,14,9,14,4.003,4.11,308.1,311.3,0,0,0,0,0,0,1,100
2025-08-17 23:02:32,10,10,15,14,9,14,4.005,4.11,308.1,311.6,0,0,0,0,0,0,1,100
2025-08-17 23:02:42,10,9,15,14,9,14,4,4.109,308.2,311.5,0,0,0,0,0,0,1,100
2025-08-17 23:02:52,10,9,15,14,9,14,4.002,4.106,307.9,311.5,0,0,0,0,0,0,1,100
2025-08-17 23:03:02,10,10,15,13,9,14,4,4.111,307.7,311.5,0,0,0,0,0,0,1,100
2025-08-17 23:03:12,10,9,15,14,9,13,4.002,4.107,307.8,311.4,0,0,0,0,0,0,1,100
2025-08-17 23:03:22,10,9,15,14,9,14,4.006,4.109,308.3,311.4,0,0,0,0,0,0,1,100
2025-08-17 23:03:32,10,9,15,14,9,14,4.004,4.11,307.9,311.3,0,0,0,0,0,0,1,100
2025-08-17 23:03:42,10,10,15,14,9,14,4.004,4.109,308,311.5,0,0,0,0,0,0,1,100
2025-08-17 23:03:52,10,9,15,14,9,14,4.003,4.111,308,311.6,0,0,0,0,0,0,1,100
2025-08-17 23:04:02,11,9,15,14,9,13,4.006,4.106,307.9,311.7,0,0,0,0,0,0,1,100
2025-08-17 23:04:12,10,10,15,14,9,14,4.003,4.112,308,311.6,0,0,0,0,0,0,1,100
2025-08-17 23:04:22,10,10,15,14,10,13,3.999,4.111,308,311.6,0,0,0,0,0,0,1,100
2025-08-17 23:04:32,10,9,15,14,9,14,3.998,4.109,307.9,311.5,0,0,0,0,0,0,1,100
2025-08-17 23:04:43,10,9,15,14,9,14,4.001,4.109,307.7,311.4,0,0,0,0,0,0,1,100
2025-08-17 23:04:53,11,9,15,14,9,14,3.999,4.106,308.2,311.4,0,0,0,0,0,0,1,100
2025-08-17 23:05:03,10,10,15,14,9,14,4,4.109,307.8,311.4,0,0,0,0,0,0,1,100
2025-08-17 23:05:13,10,9,15,14,10,15,4.001,4.107,307.9,311.5,0,0,0,0,0,0,1,100
2025-08-17 23:05:23,10,9,14,14,9,14,4.006,4.109,307.8,311.4,0,0,0,0,0,0,1,100
2025-08-17 23:05:33,10,9,15,14,9,14,4.002,4.105,307.9,311.7,0,0,0,0,0,0,1,100
2025-08-17 23:05:43,10,9,15,14,9,14,4.007,4.107,308,311.6,0,0,0,0,0,0,1,100
2025-08-17 23:05:53,10,9,15,14,9,14,3.998,4.108,307.9,311.7,0,0,0,0,0,0,1,100
2025-08-17 23:06:03,10,10,15,14,9,14,4.006,4.108,307.8,311.8,0,0,0,0,0,0,1,100
2025-08-17 23:06:13,10,9,15,14,9,13,4.005,4.106,308.3,311.6,0,0,0,0,0,0,1,100
2025-08-17 23:06:23,10,9,15,14,9,14,4.003,4.11,307.8,311.4,0,0,0,0,0,0,1,100
2025-08-17 23:06:33,10,9,15,14,9,14,4.009,4.109,307.9,311.6,0,0,0,0,0,0,1,100
2025-08-17 23:06:43,10,9,15,14,9,14,4.002,4.11,308.1,311.5,0,0,0,0,0,0,1,100
2025-08-17 23:06:54,10,9,15,14,9,13,4,4.112,307.7,311.9,0,0,0,0,0,0,1,100
2025-08-17 23:07:04,10,9,15,14,9,14,4.004,4.112,307.9,311.6,0,0,0,0,0,0,1,100
2025-08-17 23:07:14,10,9,15,14,9,13,4.002,4.111,307.9,311.6,0,0,0,0,0,0,1,100
2025-08-17 23:07:24,10,10,15,14,10,14,4.004,4.111,307.9,311.7,0,0,0,0,0,0,1,100
2025-08-17 23:07:34,10,10,15,14,9,14,4.003,4.111,308.1,311.8,0,0,0,0,0,0,1,100
2025-08-17 23:07:44,10,9,15,14,9,14,4.008,4.109,307.9,311.4,0,0,0,0,0,0,1,100
2025-08-17 23:07:54,10,9,15,14,9,14,4.004,4.111,307.7,311.7,0,0,0,0,0,0,1,100
2025-08-17 23:08:04,10,10,15,14,9,14,4.002,4.111,308,311.7,0,0,0,0,0,0,1,100
2025-08-17 23:08:14,10,9,15,14,9,14,4.006,4.113,308,311.5,0,0,0,0,0,0,1,100
2025-08-17 23:08:24,10,9,15,14,9,14,4.004,4.113,307.9,311.5,0,0,0,0,0,0,1,100
2025-08-17 23:08:34,9,9,15,14,9,14,4.003,4.113,307.9,311.5,0,0,0,0,0,0,1,100
2025-08-17 23:08:44,10,9,15,14,9,13,3.999,4.111,308,311.5,0,0,0,0,0,0,1,100
2025-08-17 23:08:54,10,9,15,14,9,14,4.001,4.113,308,311.8,0,0,0,0,0,0,1,100
2025-08-17 23:09:05,10,9,15,14,9,14,4.007,4.111,308,311.8,0,0,0,0,0,0,1,100
2025-08-17 23:09:15,10,9,15,14,9,14,4.008,4.112,307.8,311.5,0,0,0,0,0,0,1,100
2025-08-17 23:09:25,10,9,15,15,9,14,4.001,4.107,308,311.5,0,0,0,0,0,0,1,100
2025-08-17 23:09:35,10,9,14,14,9,14,4,4.108,307.7,311.5,0,0,0,0,0,0,1,100
2025-08-17 23:09:45,10,9,15,14,9,14,4.005,4.11,307.9,311.6,0,0,0,0,0,0,1,100
2025-08-17 23:09:55,10,9,15,14,9,14,4.005,4.109,307.8,311.6,0,0,0,0,0,0,1,100
2025-08-17 23:10:05,10,9,15,14,9,13,4.004,4.11,307.6,311.5,0,0,0,0,0,0,1,100
2025-08-17 23:10:15,10,9,15,14,9,14,4.003,4.109,307.9,311.3,0,0,0,0,0,0,1,100
2025-08-17 23:10:26,10,9,15,13,9,14,4.003,4.108,308,311.6,0,0,0,0,0,0,1,100
2025-08-17 23:10:36,10,9,15,14,9,14,4.008,4.111,307.8,311.5,0,0,0,0,0,0,1,100
2025-08-17 23:10:46,10,9,15,14,9,14,4.002,4.105,307.8,311.4,0,0,0,0,0,0,1,100
2025-08-17 23:10:56,10,9,15,13,9,14,4.002,4.107,307.8,311.6,0,0,0,0,0,0,1,100
2025-08-17 23:11:06,10,9,15,14,9,14,4.005,4.11,307.8,311.2,0,0,0,0,0,0,1,100
2025-08-17 23:11:16,10,9,15,14,9,14,4.004,4.106,307.9,311.4,0,0,0,0,0,0,1,100
2025-08-17 23:11:26,10,9,15,14,9,14,4.004,4.108,307.8,311.5,0,0,0,0,0,0,1,100
2025-08-17 23:11:36,10,9,15,14,9,14,4.005,4.106,307.9,311.5,0,0,0,0,0,0,1,100
2025-08-17 23:11:47,10,9,15,14,9,14,4,4.111,307.9,311.6,0,0,0,0,0,0,1,100
2025-08-17 23:11:57,10,9,14,14,9,14,4.003,4.107,307.9,311.6,0,0,0,0,0,0,1,100
2025-08-17 23:12:07,10,9,15,14,9,14,4.005,4.11,308,311.5,0,0,0,0,0,0,1,100
2025-08-17 23:12:17,10,9,15,14,9,13,4.007,4.11,307.9,311.3,0,0,0,0,0,0,1,100
2025-08-17 23:12:27,10,10,15,14,9,14,4,4.106,307.6,311.5,0,0,0,0,0,0,1,100
2025-08-17 23:12:37,10,9,15,14,9,14,4.003,4.106,308,311.4,0,0,0,0,0,0,1,100
2025-08-17 23:12:47,10,9,15,14,9,14,3.995,4.111,307.7,311.5,0,0,0,0,0,0,1,100
2025-08-17 23:12:57,10,9,14,13,9,14,4.002,4.11,307.9,311.4,0,0,0,0,0,0,1,100
2025-08-17 23:13:07,10,9,15,14,9,14,4.006,4.107,307.7,311.7,0,0,0,0,0,0,1,100
2025-08-17 23:13:18,10,9,15,14,10,13,4.006,4.106,308,311.4,0,0,0,0,0,0,1,100
2025-08-17 23:13:28,10,9,15,14,9,14,4.005,4.108,308,311.6,0,0,0,0,0,0,1,100
2025-08-17 23:13:38,10,9,15,14,9,14,4.006,4.109,307.8,311.5,0,0,0,0,0,0,1,100
2025-08-17 23:13:48,10,10,15,14,10,13,4.002,4.107,307.8,311.5,0,0,0,0,0,0,1,100
2025-08-17 23:13:58,10,9,15,14,9,14,4.008,4.111,307.9,311.2,0,0,0,0,0,0,1,100
2025-08-17 23:14:08,10,9,15,14,9,14,4.005,4.111,308,311.6,0,0,0,0,0,0,1,100
2025-08-17 23:14:18,10,9,15,13,9,14,4.003,4.11,308,311.5,0,0,0,0,0,0,1,100
2025-08-17 23:14:28,10,9,15,14,9,14,4.006,4.111,308,311.6,0,0,0,0,0,0,1,100
2025-08-17 23:14:38,10,9,15,14,9,14,4.002,4.107,307.7,311.5,0,0,0,0,0,0,1,100
2025-08-17 23:14:48,10,9,15,14,9,14,4.004,4.111,308,311.6,0,0,0,0,0,0,1,100
2025-08-17 23:14:58,10,10,15,14,9,14,4.004,4.108,307.9,311.5,0,0,0,0,0,0,1,100
2025-08-17 23:15:09,10,9,15,14,10,14,4.006,4.107,308,311.6,0,0,0,0,0,0,1,100
2025-08-17 23:15:19,10,9,15,14,9,14,4.003,4.109,308,311.6,0,0,0,0,0,0,1,100
2025-08-17 23:15:29,10,9,15,14,9,14,4.004,4.109,307.9,311.5,0,0,0,0,0,0,1,100
2025-08-17 23:15:39,10,9,15,14,9,14,4.003,4.111,307.9,311.5,0,0,0,0,0,0,1,100
2025-08-17 23:15:49,9,9,15,14,9,14,4.001,4.108,307.8,311.6,0,0,0,0,0,0,1,100
2025-08-17 23:15:59,10,10,15,14,9,14,4.004,4.108,308,311.7,0,0,0,0,0,0,1,100
2025-08-17 23:16:09,10,9,15,14,9,14,4.007,4.112,308.1,311.3,0,0,0,0,0,0,1,100
2025-08-17 23:16:19,10,9,15,14,9,14,4.005,4.113,308,311.1,0,0,0,0,0,0,1,100
2025-08-17 23:16:29,10,9,15,14,9,14,4.008,4.111,308,311.6,0,0,0,0,0,0,1,100
2025-08-17 23:16:39,10,9,15,14,9,14,4.005,4.109,307.8,311.5,0,0,0,0,0,0,1,100
2025-08-17 23:16:49,10,9,15,14,9,14,4,4.109,308.1,311.5,0,0,0,0,0,0,1,100
2025-08-17 23:16:59,10,9,15,14,9,14,4.004,4.108,307.9,311.7,0,0,0,0,0,0,1,100
2025-08-17 23:17:09,10,9,15,14,9,14,4.001,4.109,308.2,311.7,0,0,0,0,0,0,1,100
2025-08-17 23:17:20,10,9,15,14,9,14,4.001,4.112,308.1,311.6,0,0,0,0,0,0,1,100
2025-08-17 23:17:30,10,10,15,14,9,14,4,4.109,308.2,311.5,0,0,0,0,0,0,1,100
2025-08-17 23:17:40,10,9,14,14,10,14,4.002,4.109,308,311.2,0,0,0,0,0,0,1,100
2025-08-17 23:17:50,10,9,15,13,9,14,4.003,4.113,307.8,311.5,0,0,0,0,0,0,1,100
2025-08-17 23:18:00,10,9,15,14,9,14,4.003,4.11,307.9,311.4,0,0,0,0,0,0,1,100
2025-08-17 23:18:10,10,9,15,15,9,14,4.004,4.11,308,311.6,0,0,0,0,0,0,1,100
2025-08-17 23:18:20,10,9,14,14,9,13,4.006,4.106,308,311.7,0,0,0,0,0,0,1,100
2025-08-17 23:18:30,10,9,15,14,9,14,4.001,4.11,308.1,311.6,0,0,0,0,0,0,1,100
2025-08-17 23:18:40,9,9,15,14,9,14,4.004,4.111,308.2,311.3,0,0,0,0,0,0,1,100
2025-08-17 23:18:50,10,10,15,14,9,13,3.999,4.108,308.1,311.4,0,0,0,0,0,0,1,100
2025-08-17 23:19:00,10,9,15,14,9,14,4.007,4.109,307.9,311.5,0,0,0,0,0,0,1,100
2025-08-17 23:19:10,10,9,15,14,10,13,4.002,4.109,308,311.6,0,0,0,0,0,0,1,100
2025-08-17 23:19:21,10,9,15,14,9,14,4.007,4.113,307.9,311.3,0,0,0,0,0,0,1,100
2025-08-17 23:19:31,10,9,15,14,9,14,4.003,4.108,308.1,311.5,0,0,0,0,0,0,1,100
2025-08-17 23:19:41,10,9,15,14,9,14,4.002,4.107,307.9,311.6,0,0,0,0,0,0,1,100
2025-08-17 23:19:51,10,10,15,14,9,14,4.009,4.111,308,311.4,0,0,0,0,0,0,1,100
2025-08-17 23:20:01,10,9,15,13,9,14,4.006,4.111,307.9,311.5,0,0,0,0,0,0,1,100
2025-08-17 23:20:11,10,9,15,14,9,14,4.002,4.114,308,311.5,0,0,0,0,0,0,1,100
2025-08-17 23:20:21,10,9,15,14,9,13,4.004,4.113,308,311.5,0,0,0,0,0,0,1,100
2025-08-17 23:20:31,10,9,15,14,9,14,4.002,4.109,308,311,0,0,0,0,0,0,1,100
2025-08-17 23:20:41,10,9,15,14,9,13,4.004,4.108,307.9,311.6,0,0,0,0,0,0,1,100
2025-08-17 23:20:51,10,9,15,14,9,14,4.007,4.11,307.9,311.6,0,0,0,0,0,0,1,100
2025-08-17 23:21:02,9,9,15,13,9,14,4.006,4.111,308.1,311.5,0,0,0,0,0,0,1,100
2025-08-17 23:21:12,11,9,15,14,9,14,4,4.109,307.7,311.3,0,0,0,0,0,0,1,100
2025-08-17 23:21:22,10,9,15,14,9,14,4.005,4.109,307.9,311.3,0,0,0,0,0,0,1,100
2025-08-17 23:21:32,10,9,15,14,9,13,4,4.109,307.8,311.3,0,0,0,0,0,0,1,100
2025-08-17 23:21:42,11,9,15,14,9,14,4.001,4.106,307.8,311.3,0,0,0,0,0,0,1,100
2025-08-17 23:21:52,10,9,15,14,8,14,4.005,4.108,307.8,311.3,0,0,0,0,0,0,1,100
2025-08-17 23:22:02,10,10,15,14,9,13,4.004,4.106,307.8,311.8,0,0,0,0,0,0,1,100
2025-08-17 23:22:12,10,10,15,14,9,14,4.009,4.109,308,311.6,0,0,0,0,0,0,1,100
2025-08-17 23:22:22,10,9,15,14,9,14,4.007,4.105,308,311.7,0,0,0,0,0,0,1,100
2025-08-17 23:22:33,10,9,14,14,9,14,4.007,4.112,308,311.6,0,0,0,0,0,0,1,100
2025-08-17 23:22:43,11,9,15,14,9,14,4.007,4.11,307.9,311.4,0,0,0,0,0,0,1,100
2025-08-17 23:22:53,10,9,15,14,9,14,4.006,4.109,307.8,311.3,0,0,0,0,0,0,1,100
2025-08-17 23:23:03,10,9,15,14,9,14,4.008,4.109,307.8,311.4,0,0,0,0,0,0,1,100
2025-08-17 23:23:13,10,9,15,15,9,14,4.002,4.108,307.7,311.5,0,0,0,0,0,0,1,100
2025-08-17 23:23:23,10,10,15,14,9,14,4.009,4.11,308.1,311.5,0,0,0,0,0,0,1,100
2025-08-17 23:23:33,10,9,14,14,9,14,4.009,4.112,307.9,311.5,0,0,0,0,0,0,1,100
2025-08-17 23:23:43,11,9,15,14,9,14,4.009,4.111,307.7,311.5,0,0,0,0,0,0,1,100
2025-08-17 23:23:54,10,9,15,14,9,13,4.006,4.109,307.7,311.5,0,0,0,0,0,0,1,100
2025-08-17 23:24:04,10,9,15,14,9,14,4.006,4.112,307.7,311.5,0,0,0,0,0,0,1,100
2025-08-17 23:24:14,10,9,15,14,9,14,4.004,4.111,307.8,311.7,0,0,0,0,0,0,1,100
2025-08-17 23:24:24,10,9,14,14,9,14,4.003,4.114,307.8,311.5,0,0,0,0,0,0,1,100
2025-08-17 23:24:34,10,9,15,14,9,13,4.001,4.108,307.9,311.6,0,0,0,0,0,0,1,100
2025-08-17 23:24:44,10,9,15,14,9,14,4,4.112,307.9,311.7,0,0,0,0,0,0,1,100
2025-08-17 23:24:54,10,9,15,14,9,14,4.001,4.114,307.9,311.6,0,0,0,0,0,0,1,100
2025-08-17 23:25:04,10,9,15,14,9,13,4.001,4.109,307.7,311.6,0,0,0,0,0,0,1,100
2025-08-17 23:25:14,10,9,15,14,9,14,3.999,4.109,307.8,311.4,0,0,0,0,0,0,1,100
2025-08-17 23:25:24,10,10,15,14,9,14,4.004,4.109,307.6,311.6,0,0,0,0,0,0,1,100
2025-08-17 23:25:35,10,10,15,14,9,14,4.002,4.113,307.6,311.5,0,0,0,0,0,0,1,100
2025-08-17 23:25:45,10,9,15,14,9,14,4,4.112,307.3,311.4,0,0,0,0,0,0,1,100
2025-08-17 23:25:55,10,9,15,14,9,13,3.999,4.114,307.9,311.5,0,0,0,0,0,0,1,100
2025-08-17 23:26:05,10,9,15,14,9,14,4,4.114,307.7,311.5,0,0,0,0,0,0,1,100
2025-08-17 23:26:15,10,9,15,14,10,14,3.999,4.111,307.9,311.6,0,0,0,0,0,0,1,100
2025-08-17 23:26:25,10,9,15,14,9,13,4,4.113,307.8,311.6,0,0,0,0,0,0,1,100
2025-08-17 23:26:35,10,10,14,14,9,14,4.001,4.11,307.8,311.6,0,0,0,0,0,0,1,100
2025-08-17 23:26:45,10,9,15,14,9,14,4.001,4.114,308,311.6,0,0,0,0,0,0,1,100
2025-08-17 23:26:55,10,9,15,14,9,14,3.998,4.111,307.8,311.4,0,0,0,0,0,0,1,100
2025-08-17 23:27:05,10,9,15,14,9,14,4,4.113,307.9,311.4,0,0,0,0,0,0,1,100
2025-08-17 23:27:15,10,9,15,14,9,14,4.003,4.114,307.8,311.7,0,0,0,0,0,0,1,100
2025-08-17 23:27:25,10,9,15,15,9,13,4.003,4.112,307.9,311.6,0,0,0,0,0,0,1,100
2025-08-17 23:27:35,10,9,15,14,9,13,4.002,4.114,308.1,311.7,0,0,0,0,0,0,1,100
2025-08-17 23:27:45,10,9,15,14,9,13,3.996,4.114,308.1,311.6,0,0,0,0,0,0,1,100
2025-08-17 23:27:55,10,9,15,14,9,14,4.002,4.108,308,311.7,0,0,0,0,0,0,1,100
2025-08-17 23:28:06,10,9,15,14,9,14,4.005,4.109,307.8,311.5,0,0,0,0,0,0,1,100
2025-08-17 23:28:16,10,9,15,14,9,14,3.996,4.112,308,311.5,0,0,0,0,0,0,1,100
2025-08-17 23:28:26,10,9,15,14,9,13,4,4.108,307.8,311.6,0,0,0,0,0,0,1,100
2025-08-17 23:28:36,10,9,15,14,9,13,3.996,4.112,307.8,311.7,0,0,0,0,0,0,1,100
2025-08-17 23:28:46,10,9,15,14,9,14,3.997,4.113,307.9,311.5,0,0,0,0,0,0,1,100
2025-08-17 23:28:56,10,9,15,14,9,14,3.996,4.11,308.1,311.6,0,0,0,0,0,0,1,100
2025-08-17 23:29:06,10,9,15,14,9,14,3.996,4.11,308,311.6,0,0,0,0,0,0,1,100
2025-08-17 23:29:16,10,9,15,14,9,13,3.999,4.113,307.8,311.5,0,0,0,0,0,0,1,100
2025-08-17 23:29:26,10,9,15,14,9,14,4,4.113,307.9,311.4,0,0,0,0,0,0,1,100
2025-08-17 23:29:36,10,9,15,14,9,14,4.004,4.112,308,311.6,0,0,0,0,0,0,1,100
2025-08-17 23:29:47,10,9,15,14,9,14,4.003,4.108,308,311.5,0,0,0,0,0,0,1,100
2025-08-17 23:29:57,10,9,15,14,9,14,4.002,4.109,307.9,311.4,0,0,0,0,0,0,1,100
2025-08-17 23:30:07,9,9,15,14,9,14,4.006,4.109,307.7,311.5,0,0,0,0,0,0,1,100
2025-08-17 23:30:17,10,9,15,14,9,14,4,4.113,307.9,311.5,0,0,0,0,0,0,1,100
2025-08-17 23:30:27,10,10,15,14,9,14,4.007,4.106,308,311.5,0,0,0,0,0,0,1,100
2025-08-17 23:30:37,10,9,15,14,9,14,3.995,4.112,308,311.6,0,0,0,0,0,0,1,100
2025-08-17 23:30:47,10,10,15,14,9,14,4.006,4.112,308,311.7,0,0,0,0,0,0,1,100
2025-08-17 23:30:57,10,9,15,13,9,14,4,4.111,307.7,311.5,0,0,0,0,0,0,1,100
2025-08-17 23:31:07,10,9,15,14,9,13,4,4.112,308,311.6,0,0,0,0,0,0,1,100
2025-08-17 23:31:17,10,9,15,14,9,14,4,4.111,308,311.7,0,0,0,0,0,0,1,100
2025-08-17 23:31:27,10,9,14,14,9,14,4.002,4.109,307.8,311.5,0,0,0,0,0,0,1,100
2025-08-17 23:31:37,10,10,15,14,9,14,4.003,4.113,307.9,311.3,0,0,0,0,0,0,1,100
2025-08-17 23:31:48,10,9,15,14,9,14,4,4.112,307.9,311.5,0,0,0,0,0,0,1,100
2025-08-17 23:31:58,9,9,15,14,9,14,3.995,4.11,307.7,311.6,0,0,0,0,0,0,1,100
2025-08-17 23:32:08,10,10,15,14,9,14,4.004,4.11,307.7,311.5,0,0,0,0,0,0,1,100
2025-08-17 23:32:18,10,9,15,14,9,13,4,4.109,307.8,311.6,0,0,0,0,0,0,1,100
2025-08-17 23:32:28,10,9,15,14,10,13,4,4.111,308,311.7,0,0,0,0,0,0,1,100
2025-08-17 23:32:38,10,10,15,14,9,14,3.998,4.109,308,311.5,0,0,0,0,0,0,1,100
2025-08-17 23:32:48,10,9,15,14,9,14,4.002,4.109,307.6,311.4,0,0,0,0,0,0,1,100
2025-08-17 23:32:58,10,9,15,14,9,14,4.002,4.109,307.8,311.4,0,0,0,0,0,0,1,100
2025-08-17 23:33:08,10,10,15,14,9,14,4.007,4.109,307.8,311.5,0,0,0,0,0,0,1,100
2025-08-17 23:33:18,10,9,15,13,9,14,4.006,4.112,308,311.4,0,0,0,0,0,0,1,100
2025-08-17 23:33:28,10,9,15,14,9,14,4.007,4.112,308,311.6,0,0,0,0,0,0,1,100
2025-08-17 23:33:38,10,9,15,14,9,13,4,4.112,308,311.6,0,0,0,0,0,0,1,100
2025-08-17 23:33:49,10,9,15,14,9,14,3.996,4.113,308.1,311.7,0,0,0,0,0,0,1,100
2025-08-17 23:33:59,10,9,15,14,9,13,4.001,4.112,308.1,311.4,0,0,0,0,0,0,1,100
2025-08-17 23:34:09,10,9,15,14,9,14,4.004,4.112,307.9,311.5,0,0,0,0,0,0,1,100
2025-08-17 23:34:19,10,9,15,14,9,14,4.008,4.11,307.9,311.6,0,0,0,0,0,0,1,100
2025-08-17 23:34:29,10,9,15,14,9,14,4,4.11,308.1,311.5,0,0,0,0,0,0,1,100
2025-08-17 23:34:39,10,10,15,14,9,14,3.997,4.113,307.8,311.4,0,0,0,0,0,0,1,100
2025-08-17 23:34:49,10,9,15,14,9,14,4.001,4.112,308.1,311.6,0,0,0,0,0,0,1,100
2025-08-17 23:34:59,10,9,15,14,9,14,4.001,4.115,308,311.5,0,0,0,0,0,0,1,100
2025-08-17 23:35:09,10,9,15,14,9,13,4,4.112,308.2,311.4,0,0,0,0,0,0,1,100
2025-08-17 23:35:19,10,9,15,14,9,13,3.999,4.111,308,311.2,0,0,0,0,0,0,1,100
2025-08-17 23:35:29,10,9,15,14,9,14,3.998,4.108,307.9,311.4,0,0,0,0,0,0,1,100
2025-08-17 23:35:39,10,9,15,14,9,14,4.003,4.109,308.1,311.3,0,0,0,0,0,0,1,100
2025-08-17 23:35:49,10,9,15,14,9,14,3.999,4.111,307.8,311.3,0,0,0,0,0,0,1,100
2025-08-17 23:36:00,10,10,15,14,9,13,4.001,4.111,308,311.2,0,0,0,0,0,0,1,100
2025-08-17 23:36:10,10,9,15,14,9,14,4.003,4.113,308.1,311.3,0,0,0,0,0,0,1,100
2025-08-17 23:36:20,9,9,14,14,9,13,4.001,4.113,308,311.2,0,0,0,0,0,0,1,100
2025-08-17 23:36:30,10,9,15,14,9,14,4.008,4.111,308,311.5,0,0,0,0,0,0,1,100
2025-08-17 23:36:40,10,9,15,14,10,14,4.002,4.111,308,311.4,0,0,0,0,0,0,1,100
2025-08-17 23:36:50,10,9,15,14,9,14,4.013,4.112,307.8,311.3,0,0,0,0,0,0,1,100
2025-08-17 23:37:00,10,9,15,14,9,13,4.003,4.113,308.1,311.3,0,0,0,0,0,0,1,100
2025-08-17 23:37:10,10,9,15,14,9,13,4.002,4.109,308,311.3,0,0,0,0,0,0,1,100
2025-08-17 23:37:20,10,9,14,14,9,14,4.004,4.11,307.8,311.6,0,0,0,0,0,0,1,100
2025-08-17 23:37:30,10,10,15,14,9,14,4.006,4.111,308.2,311.5,0,0,0,0,0,0,1,100
2025-08-17 23:37:41,10,9,15,13,10,13,3.996,4.111,307.9,311.3,0,0,0,0,0,0,1,100
2025-08-17 23:37:51,10,9,15,14,9,14,4.001,4.111,307.9,311.5,0,0,0,0,0,0,1,100
2025-08-17 23:38:01,10,10,15,14,9,14,4.004,4.11,307.7,311.5,0,0,0,0,0,0,1,100
2025-08-17 23:38:11,10,9,15,14,10,13,3.996,4.107,307.7,311.4,0,0,0,0,0,0,1,100
2025-08-17 23:38:21,10,9,15,14,9,13,4.003,4.108,307.9,311.5,0,0,0,0,0,0,1,100
2025-08-17 23:38:31,10,9,15,14,9,13,3.999,4.108,307.9,311.2,0,0,0,0,0,0,1,100
2025-08-17 23:38:41,10,9,15,14,9,14,4.004,4.111,307.8,311.3,0,0,0,0,0,0,1,100
2025-08-17 23:38:51,10,9,15,14,9,14,4,4.113,307.9,311.5,0,0,0,0,0,0,1,100
2025-08-17 23:39:01,10,10,15,14,9,14,4.002,4.111,307.9,311.2,0,0,0,0,0,0,1,100
2025-08-17 23:39:11,10,9,15,14,9,14,4.003,4.108,307.9,311.2,0,0,0,0,0,0,1,100
2025-08-17 23:39:21,10,9,15,14,9,14,4.001,4.11,307.9,311.4,0,0,0,0,0,0,1,100
2025-08-17 23:39:31,10,9,15,14,9,14,4.002,4.107,308,311.4,0,0,0,0,0,0,1,100
2025-08-17 23:39:42,10,9,15,14,9,13,3.998,4.109,308.2,311.6,0,0,0,0,0,0,1,100
2025-08-17 23:39:52,10,9,15,14,9,14,4.003,4.112,307.9,311.4,0,0,0,0,0,0,1,100
2025-08-17 23:40:02,10,9,15,14,9,14,4.006,4.109,308,311.5,0,0,0,0,0,0,1,100
2025-08-17 23:40:12,10,9,15,14,9,14,4.003,4.113,308,311.4,0,0,0,0,0,0,1,100
2025-08-17 23:40:22,10,9,15,14,9,14,4.003,4.112,308,311.5,0,0,0,0,0,0,1,100
2025-08-17 23:40:32,10,9,15,14,10,14,4.001,4.112,307.9,311.4,0,0,0,0,0,0,1,100
2025-08-17 23:40:42,10,10,15,14,9,14,4.004,4.113,307.9,311.6,0,0,0,0,0,0,1,100
2025-08-17 23:40:52,10,10,15,14,9,14,3.999,4.111,307.9,311.6,0,0,0,0,0,0,1,100
2025-08-17 23:41:02,10,9,15,13,9,14,4.002,4.109,307.9,311.4,0,0,0,0,0,0,1,100
2025-08-17 23:41:12,10,9,15,14,9,13,4.001,4.108,307.9,311.6,0,0,0,0,0,0,1,100
2025-08-17 23:41:23,10,10,15,14,9,14,4.005,4.111,308,311.6,0,0,0,0,0,0,1,100
2025-08-17 23:41:33,10,9,15,14,9,14,3.998,4.112,307.9,311.4,0,0,0,0,0,0,1,100
2025-08-17 23:41:43,10,9,15,14,9,13,4,4.111,308,311.3,0,0,0,0,0,0,1,100
2025-08-17 23:41:53,10,10,15,14,9,13,3.996,4.11,308.1,311.6,0,0,0,0,0,0,1,100
2025-08-17 23:42:03,10,9,15,14,10,14,4.002,4.113,308,311.4,0,0,0,0,0,0,1,100
2025-08-17 23:42:13,10,10,15,14,9,14,3.998,4.112,308,311.5,0,0,0,0,0,0,1,100
2025-08-17 23:42:23,10,10,15,14,9,14,4.002,4.113,307.9,311.5,0,0,0,0,0,0,1,100
2025-08-17 23:42:33,10,9,15,14,9,14,4.003,4.113,307.8,311.2,0,0,0,0,0,0,1,100
2025-08-17 23:42:43,10,9,15,14,9,14,4.001,4.112,308,311.2,0,0,0,0,0,0,1,100
2025-08-17 23:42:53,10,9,15,14,9,13,4.002,4.112,308,311.6,0,0,0,0,0,0,1,100
2025-08-17 23:43:03,10,9,15,14,10,13,4.001,4.108,307.8,311.5,0,0,0,0,0,0,1,100
2025-08-17 23:43:13,10,9,15,14,9,14,4.003,4.111,307.9,311.4,0,0,0,0,0,0,1,100
2025-08-17 23:43:23,10,9,15,14,9,14,4.001,4.114,308,311.3,0,0,0,0,0,0,1,100
2025-08-17 23:43:34,10,9,15,14,9,14,4.006,4.111,308.1,311.6,0,0,0,0,0,0,1,100
2025-08-17 23:43:44,10,9,14,14,9,14,4,4.113,308,311.4,0,0,0,0,0,0,1,100
2025-08-17 23:43:54,10,9,15,14,9,14,3.996,4.113,308.1,311.5,0,0,0,0,0,0,1,100
2025-08-17 23:44:04,10,10,15,14,9,14,4,4.111,308.1,311.5,0,0,0,0,0,0,1,100
2025-08-17 23:44:14,10,9,15,14,9,14,4.001,4.111,307.8,311.5,0,0,0,0,0,0,1,100
2025-08-17 23:44:24,10,9,15,14,9,13,4.001,4.109,308.1,311.4,0,0,0,0,0,0,1,100
2025-08-17 23:44:34,10,9,15,14,9,14,3.999,4.107,308,311.3,0,0,0,0,0,0,1,100
2025-08-17 23:44:44,10,9,15,14,9,13,3.999,4.106,308,311.5,0,0,0,0,0,0,1,100
2025-08-17 23:44:54,10,9,15,14,9,14,4,4.114,308.1,311.4,0,0,0,0,0,0,1,100
2025-08-17 23:45:04,10,9,15,14,9,13,4,4.108,308,311.5,0,0,0,0,0,0,1,100
2025-08-17 23:45:14,10,9,15,14,9,14,4.002,4.109,307.9,311.2,0,0,0,0,0,0,1,100
2025-08-17 23:45:25,10,9,15,14,9,14,4.004,4.11,307.9,311.4,0,0,0,0,0,0,1,100
2025-08-17 23:45:35,10,9,15,14,9,14,4.003,4.109,308,311.2,0,0,0,0,0,0,1,100
2025-08-17 23:45:45,10,9,15,14,9,13,4.002,4.111,308,311.5,0,0,0,0,0,0,1,100
2025-08-17 23:45:55,10,9,15,14,9,14,4.002,4.111,307.8,311.3,0,0,0,0,0,0,1,100
2025-08-17 23:46:05,10,9,15,14,9,13,3.998,4.108,307.8,311.5,0,0,0,0,0,0,1,100
2025-08-17 23:46:15,10,9,15,13,9,14,4.006,4.106,307.8,311.4,0,0,0,0,0,0,1,100
2025-08-17 23:46:25,10,9,15,14,9,13,4.004,4.109,307.7,311.3,0,0,0,0,0,0,1,100
2025-08-17 23:46:35,10,9,15,14,9,13,3.999,4.111,307.9,311.5,0,0,0,0,0,0,1,100
2025-08-17 23:46:45,10,9,15,14,9,14,4.004,4.105,308,311.5,0,0,0,0,0,0,1,100
2025-08-17 23:46:55,10,9,15,14,9,14,4.005,4.109,308,311.5,0,0,0,0,0,0,1,100
2025-08-17 23:47:05,10,10,15,14,10,14,4.004,4.111,308,311.3,0,0,0,0,0,0,1,100
2025-08-17 23:47:15,10,9,15,14,9,14,4.002,4.11,308,311.4,0,0,0,0,0,0,1,100
2025-08-17 23:47:26,10,9,15,14,10,14,4.001,4.109,307.8,311.5,0,0,0,0,0,0,1,100
2025-08-17 23:47:36,10,9,15,14,9,14,3.998,4.112,307.9,311.4,0,0,0,0,0,0,1,100
2025-08-17 23:47:46,10,9,15,14,9,14,4.003,4.109,307.9,311.5,0,0,0,0,0,0,1,100
2025-08-17 23:47:56,10,9,15,14,9,13,3.998,4.108,307.9,311.3,0,0,0,0,0,0,1,100
2025-08-17 23:48:06,10,10,15,14,9,13,4,4.11,307.9,311.2,0,0,0,0,0,0,1,100
2025-08-17 23:48:16,10,9,15,14,9,14,4.002,4.109,307.8,311.5,0,0,0,0,0,0,1,100
2025-08-17 23:48:26,10,9,15,13,9,14,4.002,4.109,307.9,311.5,0,0,0,0,0,0,1,100
2025-08-17 23:48:36,10,9,15,14,9,14,4.003,4.108,307.8,311.6,0,0,0,0,0,0,1,100
2025-08-17 23:48:46,10,9,15,14,9,14,4.004,4.11,307.8,311.7,0,0,0,0,0,0,1,100
2025-08-17 23:48:56,10,9,15,14,9,14,4.005,4.11,307.7,311.6,0,0,0,0,0,0,1,100
2025-08-17 23:49:07,10,9,16,14,9,14,4.007,4.11,307.8,311.5,0,0,0,0,0,0,1,100
2025-08-17 23:49:17,9,9,14,14,9,13,4.002,4.11,307.9,311.6,0,0,0,0,0,0,1,100
2025-08-17 23:49:27,10,9,15,14,9,14,3.999,4.11,307.9,311.5,0,0,0,0,0,0,1,100
2025-08-17 23:49:37,10,9,15,14,10,14,4.006,4.11,307.9,311.5,0,0,0,0,0,0,1,100
2025-08-17 23:49:47,10,9,15,14,9,13,4.001,4.11,307.8,311.2,0,0,0,0,0,0,1,100
2025-08-17 23:49:57,10,10,15,14,9,13,4,4.107,308,311.6,0,0,0,0,0,0,1,100
2025-08-17 23:50:07,9,9,15,14,9,14,4.002,4.109,307.6,311.5,0,0,0,0,0,0,1,100
2025-08-17 23:50:17,10,10,15,14,9,13,4.004,4.107,307.8,311.6,0,0,0,0,0,0,1,100
2025-08-17 23:50:28,10,10,15,14,9,14,4.003,4.106,307.8,311.4,0,0,0,0,0,0,1,100
2025-08-17 23:50:38,9,9,15,14,9,14,3.999,4.106,308,311.3,0,0,0,0,0,0,1,100
2025-08-17 23:50:48,10,9,15,14,9,14,4.005,4.111,307.8,311.6,0,0,0,0,0,0,1,100
2025-08-17 23:50:58,10,9,15,13,9,14,4.005,4.107,307.8,311.6,0,0,0,0,0,0,1,100
2025-08-17 23:51:08,10,9,14,14,9,14,4.002,4.105,307.8,311.8,0,0,0,0,0,0,1,100
2025-08-17 23:51:18,10,10,15,14,9,14,4.004,4.107,307.6,311.5,0,0,0,0,0,0,1,100
2025-08-17 23:51:28,10,9,15,14,9,14,4.005,4.108,307.8,311.5,0,0,0,0,0,0,1,100
2025-08-17 23:51:38,10,9,15,14,9,14,4.004,4.107,307.8,311.5,0,0,0,0,0,0,1,100
2025-08-17 23:51:48,10,9,15,14,9,14,3.998,4.11,307.8,311.6,0,0,0,0,0,0,1,100
2025-08-17 23:51:59,10,10,15,14,9,14,4,4.108,307.9,311.6,0,0,0,0,0,0,1,100
2025-08-17 23:52:09,10,9,15,14,9,14,4,4.108,307.8,311.4,0,0,0,0,0,0,1,100
2025-08-17 23:52:19,10,9,15,14,9,14,4.004,4.113,308,311.3,0,0,0,0,0,0,1,100
2025-08-17 23:52:29,10,9,15,14,9,14,4.002,4.113,307.9,311.4,0,0,0,0,0,0,1,100
2025-08-17 23:52:39,10,9,15,13,9,14,4,4.11,307.8,311.4,0,0,0,0,0,0,1,100
2025-08-17 23:52:49,10,10,15,14,9,14,4,4.112,307.9,311.4,0,0,0,0,0,0,1,100
2025-08-17 23:52:59,10,9,15,14,9,14,4.002,4.109,308,311.4,0,0,0,0,0,0,1,100
2025-08-17 23:53:09,10,9,15,14,9,14,4.002,4.109,307.7,311.7,0,0,0,0,0,0,1,100
2025-08-17 23:53:19,10,9,15,14,9,14,4,4.108,307.6,311.5,0,0,0,0,0,0,1,100
2025-08-17 23:53:29,10,9,15,14,9,14,4,4.108,307.8,311.4,0,0,0,0,0,0,1,100
2025-08-17 23:53:40,10,9,15,14,9,14,3.999,4.109,307.8,311.5,0,0,0,0,0,0,1,100
2025-08-17 23:53:50,10,10,15,14,9,14,4,4.11,307.7,311.5,0,0,0,0,0,0,1,100
2025-08-17 23:54:00,10,9,15,15,9,14,4.001,4.105,308,311.4,0,0,0,0,0,0,1,100
2025-08-17 23:54:10,10,9,15,15,9,14,4.005,4.11,308,311.4,0,0,0,0,0,0,1,100
2025-08-17 23:54:20,11,9,15,14,9,14,4,4.113,307.6,311.5,0,0,0,0,0,0,1,100
2025-08-17 23:54:30,10,9,15,14,9,14,4,4.111,307.9,311.6,0,0,0,0,0,0,1,100
2025-08-17 23:54:40,10,9,15,14,9,14,4.002,4.109,308.1,311.2,0,0,0,0,0,0,1,100
2025-08-17 23:54:50,10,9,15,15,9,13,4.004,4.107,307.9,311.3,0,0,0,0,0,0,1,100
2025-08-17 23:55:00,10,9,15,14,9,14,4.004,4.111,307.9,311.5,0,0,0,0,0,0,1,100
2025-08-17 23:55:10,10,9,15,14,9,14,4.007,4.108,307.5,311.6,0,0,0,0,0,0,1,100
2025-08-17 23:55:21,10,9,15,14,9,14,4.004,4.107,307.7,311.5,0,0,0,0,0,0,1,100
2025-08-17 23:55:31,10,9,15,14,9,14,4,4.108,307.8,311.5,0,0,0,0,0,0,1,100
2025-08-17 23:55:41,10,9,15,14,9,14,4.002,4.108,307.7,311.2,0,0,0,0,0,0,1,100
2025-08-17 23:55:51,10,9,15,14,9,13,4.003,4.106,307.6,311.4,0,0,0,0,0,0,1,100
2025-08-17 23:56:01,11,9,15,14,9,14,4.002,4.113,307.9,311.6,0,0,0,0,0,0,1,100
2025-08-17 23:56:11,10,9,15,14,9,14,4,4.106,307.7,311.3,0,0,0,0,0,0,1,100
2025-08-17 23:56:21,10,9,15,14,9,14,4.008,4.109,307.6,311.4,0,0,0,0,0,0,1,100
2025-08-17 23:56:31,10,10,15,14,9,14,4.004,4.111,307.9,311.2,0,0,0,0,0,0,1,100
2025-08-17 23:56:42,10,9,15,14,9,14,4.004,4.109,307.5,311.3,0,0,0,0,0,0,1,100
2025-08-17 23:56:52,10,10,15,14,10,14,4.004,4.109,307.8,311.3,0,0,0,0,0,0,1,100
2025-08-17 23:57:02,10,9,15,14,9,14,3.998,4.109,308,311.4,0,0,0,0,0,0,1,100
2025-08-17 23:57:12,10,9,15,14,9,14,4.005,4.104,307.7,311.5,0,0,0,0,0,0,1,100
2025-08-17 23:57:22,10,10,15,14,9,14,4.002,4.109,307.7,311.5,0,0,0,0,0,0,1,100
2025-08-17 23:57:32,10,9,15,14,9,13,4,4.108,307.8,311.4,0,0,0,0,0,0,1,100
2025-08-17 23:57:42,10,9,15,14,9,14,4.004,4.107,307.9,311.5,0,0,0,0,0,0,1,100
2025-08-17 23:57:52,10,9,15,14,9,14,4.008,4.11,307.8,311.3,0,0,0,0,0,0,1,100
2025-08-17 23:58:02,10,9,15,14,10,14,4.004,4.109,307.8,311.5,0,0,0,0,0,0,1,100
2025-08-17 23:58:12,11,9,15,14,9,14,3.999,4.106,308,311.3,0,0,0,0,0,0,1,100
2025-08-17 23:58:23,10,9,15,14,9,14,4.004,4.112,307.9,311.7,0,0,0,0,0,0,1,100
2025-08-17 23:58:33,10,10,15,14,9,14,4.004,4.11,307.8,311.6,0,0,0,0,0,0,1,100
2025-08-17 23:58:43,10,10,15,14,9,13,4.007,4.114,308,311.3,0,0,0,0,0,0,1,100
2025-08-17 23:58:53,10,10,15,14,9,14,4.003,4.111,307.8,311.4,0,0,0,0,0,0,1,100
2025-08-17 23:59:03,10,10,15,14,10,14,4.005,4.109,307.7,311.6,0,0,0,0,0,0,1,100
2025-08-17 23:59:13,10,9,15,14,9,14,4.007,4.108,307.9,311.6,0,0,0,0,0,0,1,100
2025-08-17 23:59:23,10,9,14,14,9,13,4.007,4.106,307.6,311.4,0,0,0,0,0,0,1,100
2025-08-17 23:59:33,10,9,15,14,9,14,4.004,4.111,307.9,311.5,0,0,0,0,0,0,1,100
2025-08-17 23:59:44,10,9,14,14,9,14,4.004,4.11,308,311.5,0,0,0,0,0,0,1,100
2025-08-17 23:59:54,10,10,15,14,9,14,4.007,4.11,307.9,311.4,0,0,0,0,0,0,1,100
2025-08-18 00:00:04,10,9,15,14,9,14,4.008,4.106,307.9,311.2,0,0,0,0,0,0,1,100
2025-08-18 00:00:14,10,9,15,14,9,14,4.006,4.107,307.9,311.4,0,0,0,0,0,0,1,100
2025-08-18 00:00:24,10,9,15,14,9,14,4.008,4.108,307.8,311.4,0,0,0,0,0,0,1,100
2025-08-18 00:00:34,10,9,15,14,9,14,4.007,4.107,307.8,311.6,0,0,0,0,0,0,1,100
2025-08-18 00:00:44,10,10,15,14,9,14,4.007,4.109,307.9,311.6,0,0,0,0,0,0,1,100
2025-08-18 00:00:55,10,9,15,14,9,14,4,4.108,307.9,311.7,0,0,0,0,0,0,1,100
2025-08-18 00:01:05,10,9,16,14,9,14,4.002,4.106,307.8,311.5,0,0,0,0,0,0,1,100
2025-08-18 00:01:15,10,9,15,14,9,14,4.008,4.11,307.6,311.5,0,0,0,0,0,0,1,100
2025-08-18 00:01:25,10,9,15,13,9,14,4.002,4.105,308,311.6,0,0,0,0,0,0,1,100
2025-08-18 00:01:35,10,10,15,14,9,14,4.007,4.108,307.9,311.4,0,0,0,0,0,0,1,100
2025-08-18 00:01:45,10,9,15,14,9,13,4.005,4.105,307.8,311.5,0,0,0,0,0,0,1,100
2025-08-18 00:01:55,10,9,15,14,9,14,4.001,4.106,308,311.5,0,0,0,0,0,0,1,100
2025-08-18 00:02:05,10,9,15,14,9,14,4.002,4.109,307.9,311.4,0,0,0,0,0,0,1,100
2025-08-18 00:02:15,10,9,15,14,9,14,4.002,4.111,308.2,311.4,0,0,0,0,0,0,1,100
2025-08-18 00:02:26,9,9,15,14,9,14,4.006,4.11,307.9,311.5,0,0,0,0,0,0,1,100
2025-08-18 00:02:36,10,9,15,14,9,14,4.004,4.108,308,311.3,0,0,0,0,0,0,1,100
2025-08-18 00:02:46,10,9,15,13,9,14,4.005,4.11,308,311.2,0,0,0,0,0,0,1,100
2025-08-18 00:02:56,10,10,15,14,9,13,4.003,4.109,308,311.3,0,0,0,0,0,0,1,100
2025-08-18 00:03:06,10,9,15,14,9,14,4.009,4.107,307.9,311.4,0,0,0,0,0,0,1,100
2025-08-18 00:03:16,9,10,15,14,9,14,4.004,4.112,308,311.5,0,0,0,0,0,0,1,100
2025-08-18 00:03:26,10,10,15,14,9,14,4.011,4.11,307.9,311.2,0,0,0,0,0,0,1,100
2025-08-18 00:03:36,10,9,15,14,9,14,4.009,4.111,307.9,311.4,0,0,0,0,0,0,1,100
2025-08-18 00:03:46,10,9,15,14,9,14,4.007,4.112,307.8,311.4,0,0,0,0,0,0,1,100
2025-08-18 00:03:56,10,9,15,14,9,13,4.007,4.113,308,311.4,0,0,0,0,0,0,1,100
2025-08-18 00:04:07,10,9,15,14,9,13,4.01,4.114,307.9,311.3,0,0,0,0,0,0,1,100
2025-08-18 00:04:17,10,9,15,14,9,14,4.009,4.11,307.4,311.5,0,0,0,0,0,0,1,100
2025-08-18 00:04:27,10,9,15,14,9,14,4.005,4.113,308.1,311.5,0,0,0,0,0,0,1,100
2025-08-18 00:04:37,10,9,15,14,9,14,4.008,4.11,307.9,311.6,0,0,0,0,0,0,1,100
2025-08-18 00:04:47,10,9,15,14,9,14,4.005,4.109,308,311.7,0,0,0,0,0,0,1,100
2025-08-18 00:04:57,10,9,15,14,8,14,4.008,4.109,308,311.8,0,0,0,0,0,0,1,100
2025-08-18 00:05:07,10,9,15,13,9,14,4.012,4.108,307.9,311.7,0,0,0,0,0,0,1,100
2025-08-18 00:05:17,10,10,15,14,9,14,4.006,4.104,307.7,311.4,0,0,0,0,0,0,1,100
2025-08-18 00:05:27,10,9,15,14,9,14,4.008,4.109,308.2,311.5,0,0,0,0,0,0,1,100
2025-08-18 00:05:38,10,9,15,14,9,14,4.004,4.111,307.9,311.4,0,0,0,0,0,0,1,100
2025-08-18 00:05:48,10,9,15,14,9,14,4.009,4.11,307.8,311.4,0,0,0,0,0,0,1,100
2025-08-18 00:05:58,10,9,15,14,9,14,4.007,4.11,307.9,311.4,0,0,0,0,0,0,1,100
2025-08-18 00:06:08,10,9,15,14,9,14,4.007,4.112,308,311.5,0,0,0,0,0,0,1,100
2025-08-18 00:06:18,10,9,15,14,9,14,4,4.107,308.1,311.5,0,0,0,0,0,0,1,100
2025-08-18 00:06:28,10,10,15,14,9,14,4,4.11,308.1,311.5,0,0,0,0,0,0,1,100
2025-08-18 00:06:38,10,9,15,14,9,13,4.003,4.106,307.7,311.7,0,0,0,0,0,0,1,100
2025-08-18 00:06:48,10,9,15,14,9,13,4.008,4.107,307.4,311.5,0,0,0,0,0,0,1,100
2025-08-18 00:06:58,10,9,15,14,9,14,4.01,4.107,308,311.5,0,0,0,0,0,0,1,100
2025-08-18 00:07:09,10,9,15,14,9,13,4.009,4.109,308.2,311.6,0,0,0,0,0,0,1,100
2025-08-18 00:07:19,10,10,15,14,9,14,4.001,4.107,308.1,311.6,0,0,0,0,0,0,1,100
2025-08-18 00:07:29,10,9,15,14,8,14,4.004,4.109,308,311.5,0,0,0,0,0,0,1,100
2025-08-18 00:07:39,10,9,15,14,9,14,4.012,4.104,308,311.5,0,0,0,0,0,0,1,100
2025-08-18 00:07:49,10,9,15,14,9,14,4.003,4.107,308,311.6,0,0,0,0,0,0,1,100
2025-08-18 00:07:59,10,9,15,14,9,13,4.009,4.109,308.1,311.5,0,0,0,0,0,0,1,100
2025-08-18 00:08:09,10,9,15,14,9,14,4.006,4.107,308.3,311.3,0,0,0,0,0,0,1,100
2025-08-18 00:08:19,10,10,15,14,9,14,4.01,4.105,307.9,311.5,0,0,0,0,0,0,1,100
2025-08-18 00:08:29,10,9,15,14,9,13,4.003,4.104,308,311.5,0,0,0,0,0,0,1,100
2025-08-18 00:08:39,10,9,15,14,9,14,4.003,4.104,308,311.8,0,0,0,0,0,0,1,100
2025-08-18 00:08:49,10,9,15,14,9,14,4,4.108,308,311.4,0,0,0,0,0,0,1,100
2025-08-18 00:09:00,10,9,15,14,9,14,4.004,4.106,308,311.5,0,0,0,0,0,0,1,100
2025-08-18 00:09:10,10,9,15,14,9,14,4.006,4.103,308.1,311.5,0,0,0,0,0,0,1,100
2025-08-18 00:09:20,10,10,15,14,9,14,4.003,4.105,307.9,311.4,0,0,0,0,0,0,1,100
2025-08-18 00:09:30,10,9,15,14,9,13,4.007,4.109,308.5,311.5,0,0,0,0,0,0,1,100
2025-08-18 00:09:40,10,9,16,14,9,14,4.007,4.106,308,311.4,0,0,0,0,0,0,1,100
2025-08-18 00:09:50,10,10,15,14,9,14,4.003,4.104,307.2,311.6,0,0,0,0,0,0,1,100
2025-08-18 00:10:00,10,9,14,14,9,14,4.002,4.109,308,311.5,0,0,0,0,0,0,1,100
2025-08-18 00:10:10,10,9,15,14,10,13,4.003,4.11,307.7,311.6,0,0,0,0,0,0,1,100
2025-08-18 00:10:21,10,10,15,14,9,13,4.007,4.107,308.1,311.8,0,0,0,0,0,0,1,100
2025-08-18 00:10:31,10,10,15,14,9,14,4.005,4.106,308,311.7,0,0,0,0,0,0,1,100
2025-08-18 00:10:41,10,9,15,14,9,14,4.006,4.108,307.9,311.5,0,0,0,0,0,0,1,100
2025-08-18 00:10:51,10,9,15,14,9,13,4.007,4.109,307.8,311.6,0,0,0,0,0,0,1,100
2025-08-18 00:11:01,10,9,15,14,9,13,4.004,4.106,308.6,311.6,0,0,0,0,0,0,1,100
2025-08-18 00:11:11,10,9,15,14,9,14,4.004,4.107,308,311.6,0,0,0,0,0,0,1,100
2025-08-18 00:11:21,9,9,15,14,10,14,4.005,4.113,308.1,311.5,0,0,0,0,0,0,1,100
2025-08-18 00:11:31,10,9,15,14,9,14,3.999,4.11,308,311.8,0,0,0,0,0,0,1,100
2025-08-18 00:11:41,10,10,15,14,9,14,4.004,4.107,308.1,311.6,0,0,0,0,0,0,1,100
2025-08-18 00:11:51,10,9,15,14,9,13,4.004,4.11,308,311.7,0,0,0,0,0,0,1,100
2025-08-18 00:12:02,10,10,15,13,9,14,4.004,4.111,307.8,311.6,0,0,0,0,0,0,1,100
2025-08-18 00:12:12,10,9,15,14,9,13,4.004,4.109,308,311.5,0,0,0,0,0,0,1,100
2025-08-18 00:12:22,10,9,14,14,9,14,4.005,4.109,307.9,311.5,0,0,0,0,0,0,1,100
2025-08-18 00:12:32,10,9,15,14,9,14,4.007,4.106,307.8,311.3,0,0,0,0,0,0,1,100
2025-08-18 00:12:42,10,9,15,14,10,14,3.999,4.11,307.9,311.6,0,0,0,0,0,0,1,100
2025-08-18 00:12:52,10,9,15,14,9,14,4,4.107,308,311.5,0,0,0,0,0,0,1,100
2025-08-18 00:13:02,10,9,15,14,9,13,4.005,4.111,308,311.5,0,0,0,0,0,0,1,100
2025-08-18 00:13:12,10,9,15,14,9,14,4.001,4.109,308.1,311.4,0,0,0,0,0,0,1,100
2025-08-18 00:13:22,10,9,15,14,9,14,4,4.11,307.9,311.2,0,0,0,0,0,0,1,100
2025-08-18 00:13:32,10,9,15,14,9,14,4.002,4.111,307.9,311.5,0,0,0,0,0,0,1,100
2025-08-18 00:13:42,10,9,15,14,10,14,4,4.109,307.8,311.6,0,0,0,0,0,0,1,100
2025-08-18 00:13:52,9,9,15,14,9,14,4,4.113,307.9,311.2,0,0,0,0,0,0,1,100
2025-08-18 00:14:02,10,9,15,14,9,14,4,4.11,307.9,311.5,0,0,0,0,0,0,1,100
2025-08-18 00:14:13,10,9,15,14,9,13,4.005,4.11,308,311.4,0,0,0,0,0,0,1,100
2025-08-18 00:14:23,11,10,15,14,9,14,4.004,4.112,307.8,311.6,0,0,0,0,0,0,1,100
2025-08-18 00:14:33,10,9,15,14,9,14,4.003,4.108,307.9,311.5,0,0,0,0,0,0,1,100
2025-08-18 00:14:43,10,9,15,14,9,14,4.004,4.108,307.9,311.5,0,0,0,0,0,0,1,100
2025-08-18 00:14:53,10,9,15,14,9,13,4.008,4.109,307.8,311.5,0,0,0,0,0,0,1,100
2025-08-18 00:15:03,10,8,15,14,9,14,4.006,4.111,307.9,311.7,0,0,0,0,0,0,1,100
2025-08-18 00:15:13,10,9,15,14,9,14,4.007,4.112,307.9,311.5,0,0,0,0,0,0,1,100
2025-08-18 00:15:23,10,9,15,14,9,14,4.003,4.11,308,311.5,0,0,0,0,0,0,1,100
2025-08-18 00:15:33,10,9,14,14,9,14,4.005,4.11,308.1,311.5,0,0,0,0,0,0,1,100
2025-08-18 00:15:44,10,9,15,14,9,14,4.003,4.111,308,311.6,0,0,0,0,0,0,1,100
2025-08-18 00:15:54,10,10,15,14,9,14,4.009,4.109,308,311.5,0,0,0,0,0,0,1,100
2025-08-18 00:16:04,10,9,15,14,9,14,4.003,4.112,308,311.6,0,0,0,0,0,0,1,100
2025-08-18 00:16:14,10,9,15,14,9,14,4.005,4.111,307.9,311.5,0,0,0,0,0,0,1,100
2025-08-18 00:16:24,10,9,15,14,9,14,4.008,4.113,307.9,311.4,0,0,0,0,0,0,1,100
2025-08-18 00:16:34,10,9,15,14,9,14,4.004,4.111,307.9,311.6,0,0,0,0,0,0,1,100
2025-08-18 00:16:44,10,9,15,14,9,14,4.007,4.11,308,311.4,0,0,0,0,0,0,1,100
2025-08-18 00:16:54,10,9,15,14,9,14,4.006,4.113,308,311.7,0,0,0,0,0,0,1,100
2025-08-18 00:17:04,10,10,15,14,9,14,4.006,4.11,308,311.7,0,0,0,0,0,0,1,100
2025-08-18 00:17:15,10,9,15,13,9,14,4.008,4.11,307.9,311.5,0,0,0,0,0,0,1,100
2025-08-18 00:17:25,10,9,15,14,9,14,4.011,4.11,307.9,311.3,0,0,0,0,0,0,1,100
2025-08-18 00:17:35,10,9,15,14,9,14,4.004,4.114,307.9,311.4,0,0,0,0,0,0,1,100
2025-08-18 00:17:45,10,9,15,14,9,14,4,4.106,308.1,311.4,0,0,0,0,0,0,1,100
2025-08-18 00:17:55,10,9,14,14,9,13,4.002,4.107,308.1,311.6,0,0,0,0,0,0,1,100
2025-08-18 00:18:05,10,9,15,14,9,14,4.005,4.107,307.9,311.5,0,0,0,0,0,0,1,100
2025-08-18 00:18:15,10,9,15,14,10,14,4,4.109,308.2,311.4,0,0,0,0,0,0,1,100
2025-08-18 00:18:25,10,9,15,14,9,14,4.007,4.104,308.1,311.5,0,0,0,0,0,0,1,100
2025-08-18 00:18:35,10,10,15,14,9,14,4.003,4.109,307.9,311.4,0,0,0,0,0,0,1,100
2025-08-18 00:18:46,10,9,15,14,9,14,4.004,4.11,308.2,311.6,0,0,0,0,0,0,1,100
2025-08-18 00:18:56,10,9,15,15,9,14,4.006,4.109,307.8,311.7,0,0,0,0,0,0,1,100
2025-08-18 00:19:06,10,9,15,14,9,13,4.009,4.112,307.8,311.8,0,0,0,0,0,0,1,100
2025-08-18 00:19:16,10,9,15,14,9,14,4.006,4.114,307.7,311.7,0,0,0,0,0,0,1,100
2025-08-18 00:19:26,10,9,15,14,9,14,4,4.109,308,311.7,0,0,0,0,0,0,1,100
2025-08-18 00:19:36,10,9,15,14,9,14,4.003,4.111,308.1,311.7,0,0,0,0,0,0,1,100
2025-08-18 00:19:46,10,9,15,14,9,14,4.01,4.111,307.6,311.5,0,0,0,0,0,0,1,100
2025-08-18 00:19:56,10,9,15,14,10,13,4.006,4.111,307.8,311.4,0,0,0,0,0,0,1,100
2025-08-18 00:20:07,10,9,15,14,9,14,4.004,4.108,307.9,311.3,0,0,0,0,0,0,1,100
2025-08-18 00:20:17,10,9,15,14,9,14,4.006,4.107,307.8,311.8,0,0,0,0,0,0,1,100
2025-08-18 00:20:27,10,9,15,14,9,14,4.008,4.11,307.9,311.4,0,0,0,0,0,0,1,100
2025-08-18 00:20:37,10,10,15,14,9,14,4.007,4.108,307.9,311.5,0,0,0,0,0,0,1,100
2025-08-18 00:20:47,10,10,15,14,9,14,4.007,4.107,307.9,311.6,0,0,0,0,0,0,1,100
2025-08-18 00:20:57,10,9,15,14,9,14,4.009,4.106,308.1,311.4,0,0,0,0,0,0,1,100
2025-08-18 00:21:07,10,9,15,14,9,14,4.008,4.107,307.9,311.5,0,0,0,0,0,0,1,100
2025-08-18 00:21:17,10,9,15,13,9,14,4.002,4.107,307.9,311.6,0,0,0,0,0,0,1,100
2025-08-18 00:21:27,9,10,15,14,9,14,4.002,4.107,308,311.4,0,0,0,0,0,0,1,100
2025-08-18 00:21:38,10,9,15,14,9,14,4.007,4.109,308,311.2,0,0,0,0,0,0,1,100
2025-08-18 00:21:48,10,9,15,14,9,14,4.009,4.109,308.1,311.5,0,0,0,0,0,0,1,100
2025-08-18 00:21:58,10,10,15,14,9,14,4.009,4.107,308.1,311.7,0,0,0,0,0,0,1,100
2025-08-18 00:22:08,10,9,15,14,10,14,4.008,4.11,308,311.5,0,0,0,0,0,0,1,100
2025-08-18 00:22:18,10,9,15,14,9,13,4.011,4.106,307.9,311.7,0,0,0,0,0,0,1,100
2025-08-18 00:22:28,10,9,15,14,9,14,4.005,4.103,308.1,311.6,0,0,0,0,0,0,1,100
2025-08-18 00:22:38,10,9,15,14,9,14,4.004,4.103,307.8,311.6,0,0,0,0,0,0,1,100
2025-08-18 00:22:48,10,9,15,15,9,14,4.002,4.109,307.9,311.5,0,0,0,0,0,0,1,100
2025-08-18 00:22:58,10,9,15,14,9,13,4.008,4.105,307.9,311.4,0,0,0,0,0,0,1,100
2025-08-18 00:23:09,11,9,15,14,9,13,4.004,4.111,308,311.5,0,0,0,0,0,0,1,100
2025-08-18 00:23:19,10,9,15,14,9,14,4.011,4.108,307.9,311.6,0,0,0,0,0,0,1,100
2025-08-18 00:23:29,10,9,15,14,9,14,4.007,4.107,308,311.6,0,0,0,0,0,0,1,100
2025-08-18 00:23:39,10,9,15,14,9,14,4.003,4.107,308.1,311.6,0,0,0,0,0,0,1,100
2025-08-18 00:23:49,10,9,15,14,9,14,4.005,4.107,307.9,311.5,0,0,0,0,0,0,1,100
2025-08-18 00:23:59,10,9,15,14,9,14,4.008,4.108,307.9,311.6,0,0,0,0,0,0,1,100
2025-08-18 00:24:09,10,10,15,14,9,13,4.013,4.103,307.9,311.6,0,0,0,0,0,0,1,100
2025-08-18 00:24:19,10,9,15,14,9,14,4.008,4.106,308.1,311.8,0,0,0,0,0,0,1,100
2025-08-18 00:24:29,10,10,15,14,9,14,4.005,4.109,308,311.5,0,0,0,0,0,0,1,100
2025-08-18 00:24:40,10,9,15,14,9,13,4.009,4.108,307.9,311.4,0,0,0,0,0,0,1,100
2025-08-18 00:24:50,10,9,15,14,9,13,4.011,4.108,307.8,311.5,0,0,0,0,0,0,1,100
2025-08-18 00:25:00,10,9,15,14,9,14,4.013,4.106,308.1,311.4,0,0,0,0,0,0,1,100
2025-08-18 00:25:10,10,9,15,14,9,14,4.011,4.106,308,311.5,0,0,0,0,0,0,1,100
2025-08-18 00:25:20,10,9,15,14,9,14,4.008,4.104,308.2,311.3,0,0,0,0,0,0,1,100
2025-08-18 00:25:30,10,9,15,14,9,14,4.007,4.106,308.1,311.4,0,0,0,0,0,0,1,100
2025-08-18 00:25:40,10,9,15,14,9,14,4.009,4.101,308.1,311.6,0,0,0,0,0,0,1,100
2025-08-18 00:25:50,10,9,15,14,9,13,4.006,4.107,307.9,311.6,0,0,0,0,0,0,1,100
2025-08-18 00:26:00,9,9,15,14,9,14,4.007,4.104,308,311.6,0,0,0,0,0,0,1,100
2025-08-18 00:26:11,10,9,15,14,9,14,4.001,4.107,308,311.5,0,0,0,0,0,0,1,100
2025-08-18 00:26:21,10,9,15,14,9,14,4.013,4.104,307.8,311.5,0,0,0,0,0,0,1,100
2025-08-18 00:26:31,10,10,15,14,9,14,4.007,4.105,307.9,311.4,0,0,0,0,0,0,1,100
2025-08-18 00:26:41,10,9,15,14,9,13,4.006,4.104,307.4,311.5,0,0,0,0,0,0,1,100
2025-08-18 00:26:51,10,10,15,14,9,14,4.015,4.108,307.5,311.4,0,0,0,0,0,0,1,100
2025-08-18 00:27:01,10,9,15,14,9,14,4.01,4.106,308.2,311.6,0,0,0,0,0,0,1,100
2025-08-18 00:27:11,10,9,15,14,9,14,4.004,4.106,308,311.4,0,0,0,0,0,0,1,100
2025-08-18 00:27:21,10,9,15,14,9,14,4.009,4.104,308,311.4,0,0,0,0,0,0,1,100
2025-08-18 00:27:32,10,10,15,14,9,14,4.007,4.107,308,311.7,0,0,0,0,0,0,1,100
2025-08-18 00:27:42,10,9,15,14,8,14,4.004,4.105,307.9,311.5,0,0,0,0,0,0,1,100
2025-08-18 00:27:52,10,9,15,13,9,14,4.005,4.104,307.8,311.6,0,0,0,0,0,0,1,100
2025-08-18 00:28:02,10,9,15,14,9,14,4.003,4.103,307.9,311.6,0,0,0,0,0,0,1,100
2025-08-18 00:28:12,10,10,15,14,9,14,4.006,4.106,307.7,311.4,0,0,0,0,0,0,1,100
2025-08-18 00:28:22,10,9,15,14,9,14,4.004,4.102,307.8,311.6,0,0,0,0,0,0,1,100
2025-08-18 00:28:32,10,9,15,14,8,14,4,4.103,308,311.6,0,0,0,0,0,0,1,100
2025-08-18 00:28:42,10,10,15,14,9,14,4.008,4.111,307.6,311.6,0,0,0,0,0,0,1,100
2025-08-18 00:28:53,10,9,15,14,9,14,4.008,4.107,307.9,311.3,0,0,0,0,0,0,1,100
2025-08-18 00:29:03,10,9,15,14,9,14,4.011,4.108,308,311.7,0,0,0,0,0,0,1,100
2025-08-18 00:29:13,10,9,15,14,9,14,4.007,4.106,307.8,311.4,0,0,0,0,0,0,1,100
2025-08-18 00:29:23,10,9,15,14,9,14,4.006,4.104,307.9,311.3,0,0,0,0,0,0,1,100
2025-08-18 00:29:33,10,10,15,14,9,14,4.008,4.107,308.1,311.3,0,0,0,0,0,0,1,100
2025-08-18 00:29:43,10,9,15,14,9,13,4.007,4.104,307.9,311.6,0,0,0,0,0,0,1,100
2025-08-18 00:29:53,10,10,14,14,9,14,4.002,4.106,308,311.4,0,0,0,0,0,0,1,100
2025-08-18 00:30:04,10,9,15,14,9,14,4.009,4.106,307.8,311.4,0,0,0,0,0,0,1,100
2025-08-18 00:30:14,10,9,15,14,9,14,4.006,4.102,307.9,311.5,0,0,0,0,0,0,1,100
2025-08-18 00:30:24,9,9,15,14,9,14,4.006,4.102,307.9,311.4,0,0,0,0,0,0,1,100
2025-08-18 00:30:34,10,9,15,14,9,14,4.009,4.104,308.1,311.4,0,0,0,0,0,0,1,100
2025-08-18 00:30:44,10,9,14,14,9,14,4.005,4.107,308,311.7,0,0,0,0,0,0,1,100
2025-08-18 00:30:54,10,9,15,14,9,13,4.003,4.107,308.2,311.4,0,0,0,0,0,0,1,100
2025-08-18 00:31:04,10,9,15,14,9,14,4.011,4.107,307.9,311.4,0,0,0,0,0,0,1,100
2025-08-18 00:31:14,10,9,15,14,9,14,4.009,4.108,307.9,311.5,0,0,0,0,0,0,1,100
2025-08-18 00:31:24,10,9,15,14,9,13,4.007,4.109,308.2,311.3,0,0,0,0,0,0,1,100
2025-08-18 00:31:35,10,9,15,14,9,14,4.008,4.107,307.7,311.4,0,0,0,0,0,0,1,100
2025-08-18 00:31:45,10,9,15,14,9,14,4.007,4.109,307.5,311.4,0,0,0,0,0,0,1,100
2025-08-18 00:31:55,10,9,15,14,9,13,4.002,4.112,307.9,311.4,0,0,0,0,0,0,1,100
2025-08-18 00:32:05,10,9,15,14,9,14,4.01,4.11,308.2,311.6,0,0,0,0,0,0,1,100
2025-08-18 00:32:15,10,9,15,14,9,14,4.009,4.109,307.4,311.3,0,0,0,0,0,0,1,100
2025-08-18 00:32:25,10,9,15,14,9,14,4.01,4.107,307.9,311.4,0,0,0,0,0,0,1,100
2025-08-18 00:32:35,10,10,15,14,9,14,4.009,4.111,307.8,311.4,0,0,0,0,0,0,1,100
2025-08-18 00:32:45,10,9,15,14,9,14,4.006,4.11,307.8,311.4,0,0,0,0,0,0,1,100
2025-08-18 00:32:55,10,10,15,14,9,14,4.008,4.114,308,311.5,0,0,0,0,0,0,1,100
2025-08-18 00:33:05,9,9,15,14,9,14,4.006,4.11,308,311.4,0,0,0,0,0,0,1,100
2025-08-18 00:33:16,10,9,15,14,9,14,4.009,4.114,307.9,311.5,0,0,0,0,0,0,1,100
2025-08-18 00:33:26,10,9,15,14,9,14,4.01,4.111,308.1,311.5,0,0,0,0,0,0,1,100
2025-08-18 00:33:36,10,9,15,14,9,14,4.006,4.109,307.6,311.4,0,0,0,0,0,0,1,100
2025-08-18 00:33:46,10,9,15,14,9,14,4.011,4.11,308,311.4,0,0,0,0,0,0,1,100
2025-08-18 00:33:56,10,9,15,14,9,14,4.007,4.109,307.9,311.6,0,0,0,0,0,0,1,100
2025-08-18 00:34:06,11,9,15,14,9,14,4.007,4.107,307.7,311.5,0,0,0,0,0,0,1,100
2025-08-18 00:34:16,10,9,15,13,9,13,4.007,4.108,307.9,311.6,0,0,0,0,0,0,1,100
2025-08-18 00:34:26,10,9,15,14,9,13,4.007,4.109,307.8,311.5,0,0,0,0,0,0,1,100
2025-08-18 00:34:36,10,9,15,14,9,14,4.01,4.109,307.9,311.5,0,0,0,0,0,0,1,100
2025-08-18 00:34:47,10,9,15,14,9,14,4.009,4.109,307.8,311.3,0,0,0,0,0,0,1,100
2025-08-18 00:34:57,10,9,15,14,9,13,4.005,4.104,307.8,311.7,0,0,0,0,0,0,1,100
2025-08-18 00:35:07,10,10,15,14,9,14,4.008,4.108,308,311.4,0,0,0,0,0,0,1,100
2025-08-18 00:35:17,10,9,15,14,9,13,4.009,4.108,308,311.5,0,0,0,0,0,0,1,100
2025-08-18 00:35:27,10,9,15,14,9,13,4.01,4.108,307.9,311.5,0,0,0,0,0,0,1,100
2025-08-18 00:35:37,10,9,15,14,10,14,4.008,4.107,308.1,311.7,0,0,0,0,0,0,1,100
2025-08-18 00:35:47,10,9,15,14,9,14,4.003,4.109,307.8,311.6,0,0,0,0,0,0,1,100
2025-08-18 00:35:57,10,9,15,14,9,14,4.01,4.109,307.9,311.6,0,0,0,0,0,0,1,100
2025-08-18 00:36:07,10,9,15,14,9,14,4.006,4.108,308.2,311.7,0,0,0,0,0,0,1,100
2025-08-18 00:36:17,10,9,15,14,9,14,4.012,4.108,308.1,311.4,0,0,0,0,0,0,1,100
2025-08-18 00:36:27,10,9,15,14,9,14,4.009,4.109,308,311.6,0,0,0,0,0,0,1,100
2025-08-18 00:36:38,10,9,15,14,9,14,4.007,4.106,308.1,311.6,0,0,0,0,0,0,1,100
2025-08-18 00:36:48,10,9,15,14,9,13,4.01,4.108,308,311.7,0,0,0,0,0,0,1,100
2025-08-18 00:36:58,10,9,15,14,9,14,4.008,4.109,308,311.6,0,0,0,0,0,0,1,100
2025-08-18 00:37:08,10,9,14,14,9,14,4.007,4.109,307.9,311.5,0,0,0,0,0,0,1,100
2025-08-18 00:37:18,10,9,15,13,9,14,4.007,4.111,308.1,311.5,0,0,0,0,0,0,1,100
2025-08-18 00:37:28,10,9,15,14,9,14,4.001,4.11,307.6,311.7,0,0,0,0,0,0,1,100
2025-08-18 00:37:38,10,9,15,14,9,14,4.006,4.112,308.1,311.6,0,0,0,0,0,0,1,100
2025-08-18 00:37:48,10,9,15,14,9,14,4.003,4.109,308,311.4,0,0,0,0,0,0,1,100
2025-08-18 00:37:58,10,9,15,14,9,14,4.009,4.11,307.9,311.4,0,0,0,0,0,0,1,100
2025-08-18 00:38:09,10,9,15,14,9,14,4.007,4.107,308,311.6,0,0,0,0,0,0,1,100
2025-08-18 00:38:19,10,9,15,14,9,13,4.009,4.11,308.5,311.4,0,0,0,0,0,0,1,100
2025-08-18 00:38:29,10,9,15,14,9,14,4.003,4.111,308,311.6,0,0,0,0,0,0,1,100
2025-08-18 00:38:39,10,10,15,14,9,14,4.007,4.111,308.1,311.6,0,0,0,0,0,0,1,100
2025-08-18 00:38:49,10,9,15,13,9,13,4.009,4.111,308,311.5,0,0,0,0,0,0,1,100
2025-08-18 00:38:59,10,9,15,14,9,14,4.003,4.107,307.9,311.6,0,0,0,0,0,0,1,100
2025-08-18 00:39:09,10,9,15,14,9,13,4.007,4.109,307.9,311.6,0,0,0,0,0,0,1,100
2025-08-18 00:39:19,10,9,15,14,9,14,4.012,4.11,307.8,311.7,0,0,0,0,0,0,1,100
2025-08-18 00:39:29,10,9,15,14,9,13,4.004,4.109,307.9,311.8,0,0,0,0,0,0,1,100
2025-08-18 00:39:39,10,9,15,14,9,13,4.005,4.108,307.9,311.5,0,0,0,0,0,0,1,100
2025-08-18 00:39:50,10,10,15,14,9,13,4.008,4.105,308.2,311.7,0,0,0,0,0,0,1,100
2025-08-18 00:40:00,10,9,15,14,9,14,4.009,4.109,307.8,311.6,0,0,0,0,0,0,1,100
2025-08-18 00:40:10,10,9,15,13,9,14,4.007,4.106,308.3,311.7,0,0,0,0,0,0,1,100
2025-08-18 00:40:20,10,9,15,14,9,14,4.004,4.108,307.9,311.6,0,0,0,0,0,0,1,100
2025-08-18 00:40:30,9,9,15,14,9,14,4.005,4.109,308.4,311.7,0,0,0,0,0,0,1,100
2025-08-18 00:40:40,10,9,15,14,10,14,4.008,4.109,308,311.4,0,0,0,0,0,0,1,100
2025-08-18 00:40:50,10,9,14,14,9,14,4.008,4.106,308.2,311.6,0,0,0,0,0,0,1,100
2025-08-18 00:41:00,10,10,15,14,9,14,4.005,4.106,308.1,311.6,0,0,0,0,0,0,1,100
2025-08-18 00:41:10,10,9,15,14,9,14,4.008,4.105,307.8,311.6,0,0,0,0,0,0,1,100
2025-08-18 00:41:21,10,9,15,14,9,14,4.007,4.103,307.8,311.7,0,0,0,0,0,0,1,100
2025-08-18 00:41:31,10,10,15,15,10,13,4.006,4.107,307.9,311.6,0,0,0,0,0,0,1,100
2025-08-18 00:41:41,10,9,15,13,9,14,4.002,4.109,307.8,311.7,0,0,0,0,0,0,1,100
2025-08-18 00:41:51,10,10,14,14,9,14,4.006,4.106,308,311.6,0,0,0,0,0,0,1,100
2025-08-18 00:42:01,10,10,15,14,9,14,4.003,4.108,308,311.5,0,0,0,0,0,0,1,100
2025-08-18 00:42:11,10,9,15,14,9,13,4.011,4.107,308,311.5,0,0,0,0,0,0,1,100
2025-08-18 00:42:21,10,9,15,13,9,13,4.009,4.106,308.1,311.7,0,0,0,0,0,0,1,100
2025-08-18 00:42:31,10,9,15,14,9,14,4.007,4.108,308,311.6,0,0,0,0,0,0,1,100
2025-08-18 00:42:41,10,9,15,14,9,14,4.007,4.106,308.3,311.8,0,0,0,0,0,0,1,100
2025-08-18 00:42:51,10,9,14,14,9,14,4.007,4.109,308,311.6,0,0,0,0,0,0,1,100
2025-08-18 00:43:02,10,9,15,14,9,14,4.004,4.103,308,311.7,0,0,0,0,0,0,1,100
2025-08-18 00:43:12,10,9,15,14,9,14,4.011,4.106,308,311.6,0,0,0,0,0,0,1,100
2025-08-18 00:43:22,10,9,15,14,9,14,4.004,4.108,307.9,311.6,0,0,0,0,0,0,1,100
2025-08-18 00:43:32,10,9,15,14,9,14,4.007,4.106,308,311.6,0,0,0,0,0,0,1,100
2025-08-18 00:43:42,10,10,15,14,9,14,4.008,4.106,308.1,311.8,0,0,0,0,0,0,1,100
2025-08-18 00:43:52,10,9,15,13,10,14,4.006,4.108,307.9,311.6,0,0,0,0,0,0,1,100
2025-08-18 00:44:02,10,10,15,14,9,14,4.011,4.108,307.8,311.4,0,0,0,0,0,0,1,100
2025-08-18 00:44:12,10,10,15,14,9,13,4.004,4.106,308,311.5,0,0,0,0,0,0,1,100
2025-08-18 00:44:22,10,9,15,14,9,14,4.005,4.11,307.9,311.3,0,0,0,0,0,0,1,100
2025-08-18 00:44:32,10,9,15,14,9,14,4.013,4.11,307.9,311.6,0,0,0,0,0,0,1,100
2025-08-18 00:44:43,10,9,15,14,9,14,4.008,4.107,307.8,311.6,0,0,0,0,0,0,1,100
2025-08-18 00:44:53,10,9,15,14,9,14,4.009,4.108,307.9,311.7,0,0,0,0,0,0,1,100
2025-08-18 00:45:03,10,9,15,14,9,13,4.009,4.106,307.9,311.7,0,0,0,0,0,0,1,100
2025-08-18 00:45:13,9,9,15,14,9,14,4.007,4.108,307.8,311.2,0,0,0,0,0,0,1,100
2025-08-18 00:45:23,10,10,15,14,9,14,4.011,4.109,307.9,311.6,0,0,0,0,0,0,1,100
2025-08-18 00:45:33,10,9,15,14,9,14,4.01,4.107,307.8,311.4,0,0,0,0,0,0,1,100
2025-08-18 00:45:43,10,9,15,14,9,14,4.007,4.107,308.1,311.6,0,0,0,0,0,0,1,100
2025-08-18 00:45:53,10,9,15,14,9,14,4,4.108,308.1,311.4,0,0,0,0,0,0,1,100
2025-08-18 00:46:03,10,10,15,14,9,14,4.007,4.107,308,311.3,0,0,0,0,0,0,1,100
2025-08-18 00:46:14,10,9,15,13,9,14,4.009,4.107,308,311.6,0,0,0,0,0,0,1,100
2025-08-18 00:46:24,10,9,15,14,9,14,4.004,4.108,308.1,311.7,0,0,0,0,0,0,1,100
2025-08-18 00:46:34,10,9,15,14,9,14,4.003,4.106,308.1,311.7,0,0,0,0,0,0,1,100
2025-08-18 00:46:44,10,9,15,13,9,14,3.997,4.111,307.9,311.8,0,0,0,0,0,0,1,100
2025-08-18 00:46:54,10,9,15,13,9,14,3.999,4.104,308,311.5,0,0,0,0,0,0,1,100
2025-08-18 00:47:04,10,10,15,14,9,14,4.005,4.109,308,311.5,0,0,0,0,0,0,1,100
2025-08-18 00:47:14,10,9,15,13,9,14,4.002,4.106,308,311.5,0,0,0,0,0,0,1,100
2025-08-18 00:47:24,10,10,15,14,9,14,4.004,4.108,307.8,311.3,0,0,0,0,0,0,1,100
2025-08-18 00:47:34,10,9,15,14,9,14,4.006,4.105,307.5,311.3,0,0,0,0,0,0,1,100
2025-08-18 00:47:44,10,9,15,14,9,14,4.005,4.108,307.9,311.3,0,0,0,0,0,0,1,100
2025-08-18 00:47:55,10,9,15,14,9,14,4,4.107,307.8,311.6,0,0,0,0,0,0,1,100
2025-08-18 00:48:05,10,9,15,13,9,14,4.003,4.107,308,311.6,0,0,0,0,0,0,1,100
2025-08-18 00:48:15,10,9,15,14,9,14,4,4.107,307.9,311.5,0,0,0,0,0,0,1,100
2025-08-18 00:48:25,10,10,15,14,10,14,4.005,4.107,307.8,311.6,0,0,0,0,0,0,1,100
2025-08-18 00:48:35,10,9,15,14,9,14,4.002,4.108,308.2,311.6,0,0,0,0,0,0,1,100
2025-08-18 00:48:45,10,9,15,14,9,14,4.004,4.107,308.1,311.6,0,0,0,0,0,0,1,100
2025-08-18 00:48:55,10,9,15,13,9,14,4.004,4.113,307.9,311.5,0,0,0,0,0,0,1,100
2025-08-18 00:49:05,10,9,15,14,9,14,4,4.111,307.9,311.4,0,0,0,0,0,0,1,100
2025-08-18 00:49:15,10,10,15,14,9,14,4.001,4.111,307.8,311.5,0,0,0,0,0,0,1,100
2025-08-18 00:49:25,10,10,15,14,9,14,3.999,4.106,307.9,311.7,0,0,0,0,0,0,1,100
2025-08-18 00:49:35,10,10,15,14,9,14,4.001,4.106,308,311.6,0,0,0,0,0,0,1,100
2025-08-18 00:49:45,9,9,15,14,9,14,3.998,4.106,308,311.6,0,0,0,0,0,0,1,100
2025-08-18 00:49:55,10,9,15,14,9,14,3.999,4.107,307.8,311.8,0,0,0,0,0,0,1,100
2025-08-18 00:50:06,10,9,15,14,9,14,4.007,4.108,308,311.5,0,0,0,0,0,0,1,100
2025-08-18 00:50:16,10,9,15,14,9,13,4.001,4.106,307.9,311.6,0,0,0,0,0,0,1,100
2025-08-18 00:50:26,10,9,15,14,9,14,4.002,4.105,307.8,311.6,0,0,0,0,0,0,1,100
2025-08-18 00:50:36,10,9,15,14,9,13,4.005,4.106,307.9,311.7,0,0,0,0,0,0,1,100
2025-08-18 00:50:46,10,10,15,14,9,14,4.004,4.104,307.7,311.5,0,0,0,0,0,0,1,100
2025-08-18 00:50:56,10,9,15,14,9,14,4.004,4.109,307.9,311.5,0,0,0,0,0,0,1,100
2025-08-18 00:51:06,10,9,15,14,9,14,4.007,4.105,307.8,311.6,0,0,0,0,0,0,1,100
2025-08-18 00:51:16,10,9,15,14,9,14,4.002,4.105,308,311.7,0,0,0,0,0,0,1,100
2025-08-18 00:51:27,10,9,15,14,9,14,4.004,4.104,307.9,311.4,0,0,0,0,0,0,1,100
2025-08-18 00:51:37,10,10,15,14,9,14,4.002,4.104,307.6,311.5,0,0,0,0,0,0,1,100
2025-08-18 00:51:47,10,9,15,14,9,14,4.004,4.105,307.9,311.8,0,0,0,0,0,0,1,100
2025-08-18 00:51:57,10,10,15,14,9,14,4.004,4.108,307.9,311.4,0,0,0,0,0,0,1,100
2025-08-18 00:52:07,10,9,15,14,9,14,4.003,4.106,308,311.6,0,0,0,0,0,0,1,100
2025-08-18 00:52:17,10,9,15,14,9,14,4.004,4.111,307.9,311.8,0,0,0,0,0,0,1,100
2025-08-18 00:52:27,10,9,15,14,9,13,4.004,4.11,307.8,311.6,0,0,0,0,0,0,1,100
2025-08-18 00:52:37,10,9,15,14,9,14,3.999,4.106,307.9,311.6,0,0,0,0,0,0,1,100
2025-08-18 00:52:47,10,9,15,14,9,13,4.001,4.109,308,311.8,0,0,0,0,0,0,1,100
2025-08-18 00:52:57,10,9,15,14,9,14,4.004,4.105,307.9,311.9,0,0,0,0,0,0,1,100
2025-08-18 00:53:08,10,9,14,14,9,14,4.006,4.106,308,311.7,0,0,0,0,0,0,1,100
2025-08-18 00:53:18,10,10,15,14,9,13,4.004,4.107,308.1,311.8,0,0,0,0,0,0,1,100
2025-08-18 00:53:28,10,10,15,14,9,13,4.004,4.108,307.6,311.2,0,0,0,0,0,0,1,100
2025-08-18 00:53:38,11,9,15,14,9,14,4.003,4.105,307.9,311.6,0,0,0,0,0,0,1,100
2025-08-18 00:53:48,10,9,15,14,9,14,4.006,4.106,307.8,311.7,0,0,0,0,0,0,1,100
2025-08-18 00:53:58,10,9,15,14,9,13,3.999,4.107,307.9,311.6,0,0,0,0,0,0,1,100
2025-08-18 00:54:08,10,9,16,14,9,14,4.002,4.104,307.9,311.6,0,0,0,0,0,0,1,100
2025-08-18 00:54:18,10,9,15,14,9,14,3.999,4.103,307.8,311.4,0,0,0,0,0,0,1,100
2025-08-18 00:54:28,10,9,15,14,9,14,4.004,4.108,307.9,311.3,0,0,0,0,0,0,1,100
2025-08-18 00:54:38,10,9,15,14,9,14,4.004,4.106,307.8,311.6,0,0,0,0,0,0,1,100
2025-08-18 00:54:49,10,10,15,14,9,13,4.002,4.109,307.8,311.6,0,0,0,0,0,0,1,100
2025-08-18 00:54:59,10,9,15,14,9,14,4.009,4.107,307.9,311.9,0,0,0,0,0,0,1,100
2025-08-18 00:55:09,10,9,15,14,9,14,4.005,4.104,307.9,311.7,0,0,0,0,0,0,1,100
2025-08-18 00:55:19,10,9,15,14,9,14,3.997,4.106,308,311.6,0,0,0,0,0,0,1,100
2025-08-18 00:55:29,10,9,15,14,9,14,4.002,4.105,308,311.3,0,0,0,0,0,0,1,100
2025-08-18 00:55:39,10,9,15,14,9,13,4,4.108,307.7,311.4,0,0,0,0,0,0,1,100
2025-08-18 00:55:49,10,9,15,14,9,14,4.004,4.106,307.7,311.5,0,0,0,0,0,0,1,100
2025-08-18 00:55:59,10,9,15,14,9,14,4.011,4.107,307.9,311.5,0,0,0,0,0,0,1,100
2025-08-18 00:56:10,10,9,15,14,9,14,4.002,4.108,307.9,311.5,0,0,0,0,0,0,1,100
2025-08-18 00:56:20,10,9,15,14,9,14,4.006,4.108,307.8,311.4,0,0,0,0,0,0,1,100
2025-08-18 00:56:30,10,9,15,14,9,14,4.003,4.109,307.9,311.2,0,0,0,0,0,0,1,100
2025-08-18 00:56:40,10,9,15,13,9,14,4.004,4.103,308,311.7,0,0,0,0,0,0,1,100
2025-08-18 00:56:50,10,9,15,14,9,14,4.004,4.108,307.7,311.6,0,0,0,0,0,0,1,100
2025-08-18 00:57:00,10,9,15,14,9,14,4.008,4.105,307.7,311.4,0,0,0,0,0,0,1,100
2025-08-18 00:57:10,10,9,15,14,9,14,4.006,4.108,307.8,311.4,0,0,0,0,0,0,1,100
2025-08-18 00:57:21,10,9,15,14,9,14,4.004,4.108,307.9,311.6,0,0,0,0,0,0,1,100
2025-08-18 00:57:31,10,9,15,14,9,14,4.008,4.108,308,311.6,0,0,0,0,0,0,1,100
2025-08-18 00:57:41,10,9,15,14,9,14,4.003,4.107,307.9,311.5,0,0,0,0,0,0,1,100
2025-08-18 00:57:51,10,9,15,14,9,14,4.005,4.108,307.9,311.7,0,0,0,0,0,0,1,100
2025-08-18 00:58:01,10,9,15,14,10,13,4.003,4.105,307.9,311.4,0,0,0,0,0,0,1,100
2025-08-18 00:58:11,10,9,15,14,9,14,4.006,4.108,307.7,311.4,0,0,0,0,0,0,1,100
2025-08-18 00:58:21,10,9,15,14,9,13,4.007,4.107,307.8,311.4,0,0,0,0,0,0,1,100
2025-08-18 00:58:32,10,9,15,14,9,14,4.007,4.109,307.7,311.5,0,0,0,0,0,0,1,100
2025-08-18 00:58:42,10,9,14,14,9,13,4.008,4.107,307.7,311.4,0,0,0,0,0,0,1,100
2025-08-18 00:58:52,11,9,15,14,9,14,4.009,4.108,308.3,311.5,0,0,0,0,0,0,1,100
2025-08-18 00:59:02,10,9,15,14,9,14,4.006,4.109,308,311.4,0,0,0,0,0,0,1,100
2025-08-18 00:59:12,10,9,15,14,9,14,4.004,4.105,307.6,311.4,0,0,0,0,0,0,1,100
2025-08-18 00:59:22,10,9,15,13,9,14,4.007,4.11,307.9,311.5,0,0,0,0,0,0,1,100
2025-08-18 00:59:32,10,9,15,14,9,14,4.008,4.109,307.8,311.6,0,0,0,0,0,0,1,100
2025-08-18 00:59:43,10,9,15,14,9,14,4.004,4.109,307.9,311.8,0,0,0,0,0,0,1,100
2025-08-18 00:59:53,10,9,15,14,10,14,4.004,4.109,307.8,311.6,0,0,0,0,0,0,1,100
2025-08-18 01:00:03,10,10,15,14,9,13,4.006,4.104,307.9,311.6,0,0,0,0,0,0,1,100
2025-08-18 01:00:13,10,9,15,14,9,14,4,4.106,307.8,311.6,0,0,0,0,0,0,1,100
2025-08-18 01:00:23,10,9,15,14,9,14,4.001,4.107,307.8,311.7,0,0,0,0,0,0,1,100
2025-08-18 01:00:33,10,9,15,14,9,13,4.002,4.103,307.8,311.5,0,0,0,0,0,0,1,100
2025-08-18 01:00:43,10,9,15,14,9,14,4.006,4.105,307.8,311.7,0,0,0,0,0,0,1,100
2025-08-18 01:00:53,10,9,15,14,9,14,3.997,4.106,307.8,311.5,0,0,0,0,0,0,1,100
2025-08-18 01:01:03,10,10,15,14,9,14,4.002,4.107,307.7,311.3,0,0,0,0,0,0,1,100
2025-08-18 01:01:14,10,9,15,14,9,14,3.994,4.107,307.9,311.7,0,0,0,0,0,0,1,100
2025-08-18 01:01:24,10,9,15,14,9,14,4.002,4.109,307.7,311.6,0,0,0,0,0,0,1,100
2025-08-18 01:01:34,10,9,15,14,9,14,4.009,4.109,307.9,311.4,0,0,0,0,0,0,1,100
2025-08-18 01:01:44,10,9,15,14,9,14,4.001,4.109,307.7,311.5,0,0,0,0,0,0,1,100
2025-08-18 01:01:54,10,9,15,14,9,14,4,4.108,307.7,311.6,0,0,0,0,0,0,1,100
2025-08-18 01:02:04,10,10,15,14,9,14,4.006,4.111,307.8,311.7,0,0,0,0,0,0,1,100
2025-08-18 01:02:14,10,9,15,14,9,13,4.001,4.109,307.8,311.7,0,0,0,0,0,0,1,100
2025-08-18 01:02:24,10,10,15,14,9,14,4.002,4.108,307.8,311.6,0,0,0,0,0,0,1,100
2025-08-18 01:02:34,10,10,15,14,9,14,4.003,4.107,307.6,311.4,0,0,0,0,0,0,1,100
2025-08-18 01:02:45,10,10,15,14,10,13,4.002,4.108,307.8,311.7,0,0,0,0,0,0,1,100
2025-08-18 01:02:55,10,9,15,14,9,14,4,4.105,308,311.9,0,0,0,0,0,0,1,100
2025-08-18 01:03:05,11,10,15,14,10,13,4,4.108,308,311.9,0,0,0,0,0,0,1,100
2025-08-18 01:03:15,10,8,15,14,9,14,4.002,4.109,308.2,311.6,0,0,0,0,0,0,1,100
2025-08-18 01:03:25,10,10,15,14,9,13,4.001,4.107,307.9,311.5,0,0,0,0,0,0,1,100
2025-08-18 01:03:35,10,9,15,15,9,14,4.004,4.108,307.9,311.5,0,0,0,0,0,0,1,100
2025-08-18 01:03:45,10,9,15,14,9,13,4.002,4.109,307.9,311.6,0,0,0,0,0,0,1,100
2025-08-18 01:03:55,10,9,15,14,9,14,4.003,4.109,307.8,311.4,0,0,0,0,0,0,1,100
2025-08-18 01:04:05,10,9,15,14,9,14,4.009,4.109,307.6,311.3,0,0,0,0,0,0,1,100
2025-08-18 01:04:15,10,9,14,14,9,14,4.002,4.111,307.9,311.4,0,0,0,0,0,0,1,100
2025-08-18 01:04:25,10,9,15,14,9,14,4.002,4.109,308,311.6,0,0,0,0,0,0,1,100
2025-08-18 01:04:36,10,9,15,14,9,14,4.005,4.109,307.9,311.6,0,0,0,0,0,0,1,100
2025-08-18 01:04:46,10,9,15,14,9,13,4.002,4.11,307.8,311.5,0,0,0,0,0,0,1,100
2025-08-18 01:04:56,10,10,15,14,9,14,4.002,4.109,307.8,311.7,0,0,0,0,0,0,1,100
2025-08-18 01:05:06,10,9,15,13,9,14,4.002,4.108,307.7,311.6,0,0,0,0,0,0,1,100
2025-08-18 01:05:16,10,9,15,14,9,14,4.004,4.104,307.9,311.6,0,0,0,0,0,0,1,100
2025-08-18 01:05:26,10,9,15,14,9,13,4.007,4.106,307.8,311.7,0,0,0,0,0,0,1,100
2025-08-18 01:05:36,10,9,15,14,9,13,4.004,4.11,308.1,311.6,0,0,0,0,0,0,1,100
2025-08-18 01:05:47,10,9,15,14,9,14,4.005,4.105,307.8,311.7,0,0,0,0,0,0,1,100
2025-08-18 01:05:57,10,9,15,14,9,14,4.004,4.109,307.9,311.4,0,0,0,0,0,0,1,100
2025-08-18 01:06:07,10,9,15,14,9,14,4,4.106,307.9,311.5,0,0,0,0,0,0,1,100
2025-08-18 01:06:17,10,9,15,13,9,14,4.005,4.107,307.9,311.6,0,0,0,0,0,0,1,100
2025-08-18 01:06:27,10,9,15,14,9,14,4.003,4.108,307.8,311.5,0,0,0,0,0,0,1,100
2025-08-18 01:06:37,10,9,15,14,9,14,4.006,4.106,307.8,311.6,0,0,0,0,0,0,1,100
2025-08-18 01:06:47,10,9,15,14,9,14,4.005,4.108,308,311.8,0,0,0,0,0,0,1,100
2025-08-18 01:06:57,10,9,15,14,9,14,4.009,4.106,307.8,311.3,0,0,0,0,0,0,1,100
2025-08-18 01:07:07,10,10,15,14,9,14,4.006,4.107,307.8,311.4,0,0,0,0,0,0,1,100
2025-08-18 01:07:18,10,9,15,14,9,14,4.006,4.108,308,311.6,0,0,0,0,0,0,1,100
2025-08-18 01:07:28,10,9,15,14,9,14,4.009,4.107,307.9,311.6,0,0,0,0,0,0,1,100
2025-08-18 01:07:38,10,9,15,14,9,14,4.008,4.105,307.8,311.6,0,0,0,0,0,0,1,100
2025-08-18 01:07:48,10,9,15,13,9,14,4.006,4.106,307.9,311.4,0,0,0,0,0,0,1,100
2025-08-18 01:07:58,10,10,15,14,9,14,4,4.103,308.1,311.4,0,0,0,0,0,0,1,100
2025-08-18 01:08:08,10,9,15,14,9,14,4.006,4.105,308,311.6,0,0,0,0,0,0,1,100
2025-08-18 01:08:18,10,9,15,14,9,13,4.009,4.107,308,311.6,0,0,0,0,0,0,1,100
2025-08-18 01:08:28,10,9,15,14,10,13,4,4.111,307.9,311.6,0,0,0,0,0,0,1,100
2025-08-18 01:08:38,10,9,15,14,9,13,4.008,4.108,307.8,311.6,0,0,0,0,0,0,1,100
2025-08-18 01:08:49,10,9,15,14,9,13,4.002,4.106,307.9,311.6,0,0,0,0,0,0,1,100
2025-08-18 01:08:59,10,9,15,14,9,13,4.007,4.109,307.9,311.3,0,0,0,0,0,0,1,100
2025-08-18 01:09:09,9,9,15,14,9,14,4.005,4.099,307.8,311.3,0,0,0,0,0,0,1,100
2025-08-18 01:09:19,10,10,15,14,9,14,4.006,4.102,307.9,311.4,0,0,0,0,0,0,1,100
2025-08-18 01:09:29,10,9,15,14,9,14,4.006,4.107,307.8,311.4,0,0,0,0,0,0,1,100
2025-08-18 01:09:39,10,10,15,14,9,14,4.005,4.103,308.2,311.4,0,0,0,0,0,0,1,100
2025-08-18 01:09:49,10,9,15,14,9,14,4.007,4.111,308,311.5,0,0,0,0,0,0,1,100
2025-08-18 01:09:59,10,9,15,14,9,13,4.008,4.109,307.9,311.6,0,0,0,0,0,0,1,100
2025-08-18 01:10:10,10,10,15,14,9,14,4.002,4.108,308,311.4,0,0,0,0,0,0,1,100
2025-08-18 01:10:20,10,9,15,14,9,14,4.003,4.108,308,311.7,0,0,0,0,0,0,1,100
2025-08-18 01:10:30,10,10,15,14,9,14,4.009,4.11,307.8,311.5,0,0,0,0,0,0,1,100
2025-08-18 01:10:40,10,9,15,14,9,13,4.004,4.109,308,311.4,0,0,0,0,0,0,1,100
2025-08-18 01:10:50,10,9,15,14,9,14,4.004,4.108,308,311.6,0,0,0,0,0,0,1,100
2025-08-18 01:11:00,10,9,15,14,9,14,4.01,4.112,307.9,311.4,0,0,0,0,0,0,1,100
2025-08-18 01:11:10,10,9,14,14,9,14,4.011,4.113,307.8,311.4,0,0,0,0,0,0,1,100
2025-08-18 01:11:20,10,9,15,14,9,14,4.006,4.112,307.9,311.6,0,0,0,0,0,0,1,100
2025-08-18 01:11:30,10,9,15,14,9,14,4.009,4.11,308,311.6,0,0,0,0,0,0,1,100
2025-08-18 01:11:41,10,10,15,14,9,14,4.008,4.113,307.9,311.7,0,0,0,0,0,0,1,100
2025-08-18 01:11:51,10,9,15,14,10,14,4.007,4.108,308,311.5,0,0,0,0,0,0,1,100
2025-08-18 01:12:01,10,10,15,15,9,14,4.007,4.111,307.9,311.6,0,0,0,0,0,0,1,100
2025-08-18 01:12:11,10,9,15,14,9,14,4.004,4.111,307.9,311.7,0,0,0,0,0,0,1,100
2025-08-18 01:12:21,10,9,15,14,9,14,4.009,4.111,307.8,311.7,0,0,0,0,0,0,1,100
2025-08-18 01:12:31,10,9,15,14,9,14,4.006,4.111,307.8,311.5,0,0,0,0,0,0,1,100
2025-08-18 01:12:41,10,10,15,14,9,14,4.004,4.11,308,311.5,0,0,0,0,0,0,1,100
2025-08-18 01:12:51,10,9,14,14,9,14,4.002,4.108,307.9,311.6,0,0,0,0,0,0,1,100
2025-08-18 01:13:01,10,9,15,14,9,14,4.005,4.109,307.9,311.7,0,0,0,0,0,0,1,100
2025-08-18 01:13:12,10,9,15,14,9,14,3.999,4.108,307.8,311.6,0,0,0,0,0,0,1,100
2025-08-18 01:13:22,10,10,15,14,9,14,4.005,4.108,307.9,311.5,0,0,0,0,0,0,1,100
2025-08-18 01:13:32,10,9,15,14,9,13,4.003,4.108,308,311.6,0,0,0,0,0,0,1,100
2025-08-18 01:13:42,10,10,14,14,9,14,4.007,4.106,307.8,311.5,0,0,0,0,0,0,1,100
2025-08-18 01:13:52,10,9,15,14,9,14,4.007,4.109,308,311.3,0,0,0,0,0,0,1,100
2025-08-18 01:14:02,10,9,15,14,10,13,4.007,4.106,307.9,311.2,0,0,0,0,0,0,1,100
2025-08-18 01:14:12,10,9,15,14,9,14,4.009,4.108,308,311.6,0,0,0,0,0,0,1,100
2025-08-18 01:14:22,10,9,15,14,9,14,4.008,4.108,307.8,311.6,0,0,0,0,0,0,1,100
2025-08-18 01:14:33,10,9,15,14,9,13,4.013,4.104,307.9,311.5,0,0,0,0,0,0,1,100
2025-08-18 01:14:43,10,10,15,14,9,14,4.003,4.112,308,311.7,0,0,0,0,0,0,1,100
2025-08-18 01:14:53,10,9,15,14,9,14,4.002,4.112,307.8,311.6,0,0,0,0,0,0,1,100
2025-08-18 01:15:03,10,9,15,13,10,14,4.006,4.111,307.9,311.4,0,0,0,0,0,0,1,100
2025-08-18 01:15:13,10,9,15,14,9,14,4.01,4.105,308,311.4,0,0,0,0,0,0,1,100
2025-08-18 01:15:23,10,9,15,14,9,14,4.007,4.109,307.8,311.3,0,0,0,0,0,0,1,100
2025-08-18 01:15:33,10,9,15,14,9,14,4.005,4.108,307.9,311.6,0,0,0,0,0,0,1,100
2025-08-18 01:15:43,10,9,14,14,9,14,4.007,4.106,307.9,311.7,0,0,0,0,0,0,1,100
2025-08-18 01:15:53,10,9,15,14,9,14,4.007,4.114,307.9,311.8,0,0,0,0,0,0,1,100
2025-08-18 01:16:04,10,10,15,14,10,13,4.004,4.109,308.2,311.4,0,0,0,0,0,0,1,100
2025-08-18 01:16:14,10,9,15,14,9,13,4.004,4.11,308,311.5,0,0,0,0,0,0,1,100
2025-08-18 01:16:24,10,9,15,14,9,14,4,4.108,307.7,311.3,0,0,0,0,0,0,1,100
2025-08-18 01:16:34,10,9,15,14,9,14,4.002,4.113,308,311.5,0,0,0,0,0,0,1,100
2025-08-18 01:16:44,10,9,15,14,9,14,4.002,4.109,308,311.5,0,0,0,0,0,0,1,100
2025-08-18 01:16:54,10,10,15,14,9,14,4,4.109,308,311.5,0,0,0,0,0,0,1,100
2025-08-18 01:17:04,10,10,15,14,9,13,4.004,4.109,307.9,311.4,0,0,0,0,0,0,1,100
2025-08-18 01:17:14,10,9,15,14,9,14,4.002,4.109,308,311.5,0,0,0,0,0,0,1,100
2025-08-18 01:17:24,10,9,15,14,9,14,4,4.107,307.9,311.4,0,0,0,0,0,0,1,100
2025-08-18 01:17:34,11,9,15,14,9,14,4,4.107,307.9,311.4,0,0,0,0,0,0,1,100
2025-08-18 01:17:44,10,10,15,14,9,13,4.007,4.11,307.8,311.4,0,0,0,0,0,0,1,100
2025-08-18 01:17:55,10,10,15,14,9,13,4.006,4.109,307.8,311.5,0,0,0,0,0,0,1,100
2025-08-18 01:18:05,10,9,15,14,10,13,4.008,4.107,307.8,311.6,0,0,0,0,0,0,1,100
2025-08-18 01:18:15,10,9,15,14,9,13,4.006,4.108,307.9,311.5,0,0,0,0,0,0,1,100
2025-08-18 01:18:25,10,10,15,14,9,13,4.01,4.108,307.9,311.5,0,0,0,0,0,0,1,100
2025-08-18 01:18:35,10,9,15,14,9,14,4.007,4.109,307.9,311.4,0,0,0,0,0,0,1,100
2025-08-18 01:18:45,10,9,15,14,9,14,4.009,4.109,307.5,311.5,0,0,0,0,0,0,1,100
2025-08-18 01:18:55,10,9,15,14,10,14,4.01,4.108,307.9,311.5,0,0,0,0,0,0,1,100
2025-08-18 01:19:06,10,9,15,14,9,14,4.01,4.106,307.6,311.4,0,0,0,0,0,0,1,100
2025-08-18 01:19:16,10,9,15,14,9,13,4.009,4.1,307.8,311.8,0,0,0,0,0,0,1,100
2025-08-18 01:19:26,10,9,15,14,10,14,4.003,4.107,307.9,311.6,0,0,0,0,0,0,1,100
2025-08-18 01:19:36,10,9,15,14,9,14,4.002,4.109,307.9,311.4,0,0,0,0,0,0,1,100
2025-08-18 01:19:46,10,9,15,14,9,14,4.003,4.109,308,311.6,0,0,0,0,0,0,1,100
2025-08-18 01:19:56,10,10,15,14,9,13,4.006,4.111,307.7,311.7,0,0,0,0,0,0,1,100
2025-08-18 01:20:06,10,9,15,14,9,14,4.009,4.11,308,311.5,0,0,0,0,0,0,1,100
2025-08-18 01:20:16,10,9,14,14,9,14,4.009,4.11,307.9,311.6,0,0,0,0,0,0,1,100
2025-08-18 01:20:26,10,9,15,14,9,14,4.008,4.108,307.9,311.5,0,0,0,0,0,0,1,100
2025-08-18 01:20:36,10,9,15,14,10,13,4.006,4.111,307.9,311.4,0,0,0,0,0,0,1,100
2025-08-18 01:20:47,10,9,14,14,9,14,4.007,4.11,307.7,311.5,0,0,0,0,0,0,1,100
2025-08-18 01:20:57,10,9,15,14,9,14,4.006,4.109,307.8,311.7,0,0,0,0,0,0,1,100
2025-08-18 01:21:07,10,9,15,14,9,14,4.007,4.109,308,311.3,0,0,0,0,0,0,1,100
2025-08-18 01:21:17,10,9,15,14,9,14,4.01,4.109,307.8,311.4,0,0,0,0,0,0,1,100
2025-08-18 01:21:27,10,9,15,14,9,14,4.003,4.109,308.1,311.7,0,0,0,0,0,0,1,100
2025-08-18 01:21:37,10,9,15,14,9,14,4.006,4.109,308.1,311.3,0,0,0,0,0,0,1,100
2025-08-18 01:21:47,10,9,15,14,9,14,4.004,4.109,307.9,311.7,0,0,0,0,0,0,1,100
2025-08-18 01:21:57,10,9,15,14,9,13,4.006,4.106,307.5,311.5,0,0,0,0,0,0,1,100
2025-08-18 01:22:08,10,9,15,13,9,14,4.002,4.107,307.8,311.2,0,0,0,0,0,0,1,100
2025-08-18 01:22:18,10,9,15,14,9,14,4.001,4.107,307.7,311.4,0,0,0,0,0,0,1,100
2025-08-18 01:22:28,10,9,15,14,9,14,4.007,4.11,307.9,311.5,0,0,0,0,0,0,1,100
2025-08-18 01:22:38,10,9,15,14,9,14,4.005,4.108,308,311.6,0,0,0,0,0,0,1,100
2025-08-18 01:22:48,10,9,15,14,9,14,4.007,4.109,307.9,311.4,0,0,0,0,0,0,1,100
2025-08-18 01:22:58,10,9,15,14,9,14,4.001,4.107,308.1,311.6,0,0,0,0,0,0,1,100
2025-08-18 01:23:08,10,9,15,14,10,13,4.003,4.109,308,311.4,0,0,0,0,0,0,1,100
2025-08-18 01:23:18,10,9,15,14,9,14,4.008,4.108,307.9,311.8,0,0,0,0,0,0,1,100
2025-08-18 01:23:28,10,9,14,14,9,14,4.009,4.109,307.9,311.6,0,0,0,0,0,0,1,100
2025-08-18 01:23:39,10,9,15,14,9,14,4.009,4.11,307.9,311.7,0,0,0,0,0,0,1,100
2025-08-18 01:23:49,10,9,15,14,9,14,4.005,4.108,307.8,311.4,0,0,0,0,0,0,1,100
2025-08-18 01:23:59,10,9,15,14,9,13,3.998,4.108,307.6,311.6,0,0,0,0,0,0,1,100
2025-08-18 01:24:09,10,9,15,14,9,13,4.004,4.108,307.8,311.4,0,0,0,0,0,0,1,100
2025-08-18 01:24:19,10,9,15,13,9,14,4.001,4.109,307.7,311.5,0,0,0,0,0,0,1,100
2025-08-18 01:24:29,10,9,15,14,9,14,4.001,4.105,307.8,311.4,0,0,0,0,0,0,1,100
2025-08-18 01:24:39,10,9,15,14,9,14,4.007,4.107,307.7,311.3,0,0,0,0,0,0,1,100
2025-08-18 01:24:49,10,10,15,14,9,14,4.001,4.107,308.1,311.5,0,0,0,0,0,0,1,100
2025-08-18 01:24:59,10,9,15,14,9,14,4.004,4.109,307.6,311.6,0,0,0,0,0,0,1,100
2025-08-18 01:25:09,10,10,15,14,9,13,4.007,4.108,307.9,311.6,0,0,0,0,0,0,1,100
2025-08-18 01:25:20,10,9,15,14,9,14,4.002,4.11,308.1,311.5,0,0,0,0,0,0,1,100
2025-08-18 01:25:30,10,9,15,14,10,14,4.001,4.108,307.8,311.6,0,0,0,0,0,0,1,100
2025-08-18 01:25:40,10,9,15,14,9,14,4.004,4.108,307.7,311.3,0,0,0,0,0,0,1,100
2025-08-18 01:25:50,10,9,15,14,9,13,4.007,4.111,308,311.2,0,0,0,0,0,0,1,100
2025-08-18 01:26:00,10,9,15,13,9,14,4.006,4.109,307.8,311.1,0,0,0,0,0,0,1,100
2025-08-18 01:26:10,10,9,15,14,9,14,4.002,4.11,307.9,311.3,0,0,0,0,0,0,1,100
2025-08-18 01:26:20,10,9,15,14,9,14,4.005,4.109,307.9,311.4,0,0,0,0,0,0,1,100
2025-08-18 01:26:31,10,9,15,14,9,13,4.003,4.108,307.6,311.3,0,0,0,0,0,0,1,100
2025-08-18 01:26:41,10,9,15,14,9,14,4.005,4.109,307.7,311.6,0,0,0,0,0,0,1,100
2025-08-18 01:26:51,10,9,15,13,9,13,4.004,4.109,307.8,311.4,0,0,0,0,0,0,1,100
2025-08-18 01:27:01,10,9,15,14,9,14,4.006,4.106,308,311.6,0,0,0,0,0,0,1,100
2025-08-18 01:27:11,10,10,15,14,9,13,4.008,4.104,307.8,311.6,0,0,0,0,0,0,1,100
2025-08-18 01:27:21,10,9,15,14,9,13,4.004,4.105,307.6,311.6,0,0,0,0,0,0,1,100
2025-08-18 01:27:31,10,9,15,14,9,13,4.008,4.11,308,311.1,0,0,0,0,0,0,1,100
2025-08-18 01:27:41,10,9,15,14,10,14,4.008,4.106,308,311.6,0,0,0,0,0,0,1,100
2025-08-18 01:27:52,10,10,15,14,9,14,4.003,4.111,307.9,311.7,0,0,0,0,0,0,1,100
2025-08-18 01:28:02,10,9,15,14,9,14,4.007,4.111,308.3,311.6,0,0,0,0,0,0,1,100
2025-08-18 01:28:12,10,9,15,14,9,14,4.002,4.111,307.9,311.6,0,0,0,0,0,0,1,100
2025-08-18 01:28:22,10,10,15,14,9,13,4.004,4.112,307.9,311.5,0,0,0,0,0,0,1,100
2025-08-18 01:28:32,10,9,15,14,9,14,4.006,4.11,307.9,311.6,0,0,0,0,0,0,1,100
2025-08-18 01:28:42,10,10,15,14,9,14,4.004,4.112,307.8,311.5,0,0,0,0,0,0,1,100
2025-08-18 01:28:52,10,9,15,14,9,13,4.007,4.114,307.6,311.7,0,0,0,0,0,0,1,100
2025-08-18 01:29:03,10,10,15,14,9,13,4.006,4.108,307.8,311.4,0,0,0,0,0,0,1,100
2025-08-18 01:29:13,10,9,15,14,9,14,4.001,4.109,307.9,311.5,0,0,0,0,0,0,1,100
2025-08-18 01:29:23,10,9,15,14,9,14,4.005,4.11,308,311.6,0,0,0,0,0,0,1,100
2025-08-18 01:29:33,10,9,15,14,9,13,3.997,4.109,307.4,311.5,0,0,0,0,0,0,1,100
2025-08-18 01:29:43,10,9,15,14,9,14,4.003,4.11,307.8,311.5,0,0,0,0,0,0,1,100
2025-08-18 01:29:53,10,9,15,14,9,14,4.002,4.111,307.7,311.6,0,0,0,0,0,0,1,100
2025-08-18 01:30:03,10,9,15,14,10,14,4.006,4.113,307.7,311.6,0,0,0,0,0,0,1,100
2025-08-18 01:30:13,10,10,15,14,9,14,4.002,4.112,308.2,311.5,0,0,0,0,0,0,1,100
2025-08-18 01:30:23,9,9,15,14,9,14,4.006,4.11,307.7,311.4,0,0,0,0,0,0,1,100
2025-08-18 01:30:34,10,9,15,14,9,13,4.005,4.106,307.9,311.5,0,0,0,0,0,0,1,100
2025-08-18 01:30:44,10,10,15,14,9,13,4.003,4.109,307.9,311.4,0,0,0,0,0,0,1,100
2025-08-18 01:30:54,10,10,15,14,9,14,4.003,4.107,307.8,311.6,0,0,0,0,0,0,1,100
2025-08-18 01:31:04,10,9,15,14,9,13,4.008,4.108,308.3,311.4,0,0,0,0,0,0,1,100
2025-08-18 01:31:14,10,9,15,14,9,14,4.004,4.109,307.8,311.6,0,0,0,0,0,0,1,100
2025-08-18 01:31:24,10,9,15,14,9,14,3.999,4.108,307.9,311.7,0,0,0,0,0,0,1,100
2025-08-18 01:31:34,10,10,15,14,9,14,4.007,4.107,307.9,311.6,0,0,0,0,0,0,1,100
2025-08-18 01:31:45,10,9,15,14,9,13,4.005,4.108,307.9,311.7,0,0,0,0,0,0,1,100
2025-08-18 01:31:55,10,9,15,14,9,14,4.002,4.107,307.8,311.7,0,0,0,0,0,0,1,100
2025-08-18 01:32:05,10,9,15,14,9,14,3.999,4.105,308.1,311.7,0,0,0,0,0,0,1,100
2025-08-18 01:32:15,10,9,15,14,9,14,4,4.107,307.7,311.6,0,0,0,0,0,0,1,100
2025-08-18 01:32:25,10,10,16,14,9,13,4.006,4.107,307.8,311.3,0,0,0,0,0,0,1,100
2025-08-18 01:32:35,10,9,15,14,9,14,4,4.108,307.9,311.6,0,0,0,0,0,0,1,100
2025-08-18 01:32:45,10,9,15,14,9,14,3.998,4.108,307.8,311.6,0,0,0,0,0,0,1,100
2025-08-18 01:32:55,11,9,15,14,9,13,3.999,4.111,307.7,311.5,0,0,0,0,0,0,1,100
2025-08-18 01:33:05,10,9,15,14,10,13,4.008,4.109,308,311.4,0,0,0,0,0,0,1,100
2025-08-18 01:33:15,10,9,15,14,9,14,4.002,4.109,307.9,311.6,0,0,0,0,0,0,1,100
2025-08-18 01:33:26,10,9,15,14,9,14,4.005,4.112,307.9,311.6,0,0,0,0,0,0,1,100
2025-08-18 01:33:36,10,9,15,14,9,13,4,4.107,308,311.5,0,0,0,0,0,0,1,100
2025-08-18 01:33:46,10,9,15,14,9,14,4.002,4.109,308,311.3,0,0,0,0,0,0,1,100
2025-08-18 01:33:56,10,9,15,14,9,13,3.996,4.108,307.8,311.5,0,0,0,0,0,0,1,100
2025-08-18 01:34:06,10,9,15,14,10,14,4.001,4.107,307.9,311.5,0,0,0,0,0,0,1,100
2025-08-18 01:34:16,10,9,15,14,9,14,4.005,4.109,307.9,311.6,0,0,0,0,0,0,1,100
2025-08-18 01:34:26,10,9,15,14,9,14,4.004,4.108,308,311.5,0,0,0,0,0,0,1,100
2025-08-18 01:34:36,10,10,15,15,9,14,4.007,4.111,308,311.6,0,0,0,0,0,0,1,100
2025-08-18 01:34:46,10,10,15,14,9,14,4.003,4.112,307.7,311.7,0,0,0,0,0,0,1,100
2025-08-18 01:34:56,10,9,15,14,9,14,4.004,4.112,307.9,311.6,0,0,0,0,0,0,1,100
2025-08-18 01:35:06,10,9,14,14,9,14,4.009,4.113,307.7,311.6,0,0,0,0,0,0,1,100
2025-08-18 01:35:17,10,10,15,14,9,14,4.007,4.109,308,311.5,0,0,0,0,0,0,1,100
2025-08-18 01:35:27,10,9,14,14,9,14,4.011,4.113,308,311.5,0,0,0,0,0,0,1,100
2025-08-18 01:35:37,10,9,15,14,10,14,4.005,4.112,308,311.6,0,0,0,0,0,0,1,100
2025-08-18 01:35:47,10,9,15,14,9,14,4.004,4.115,307.9,311.8,0,0,0,0,0,0,1,100
2025-08-18 01:35:57,10,10,15,14,9,14,4,4.11,307.9,311.4,0,0,0,0,0,0,1,100
2025-08-18 01:36:07,9,10,15,14,9,14,4,4.11,307.7,311.7,0,0,0,0,0,0,1,100
2025-08-18 01:36:17,10,9,15,14,9,14,4.002,4.114,307.8,311.8,0,0,0,0,0,0,1,100
2025-08-18 01:36:27,10,9,15,14,9,14,4,4.113,307.9,311.6,0,0,0,0,0,0,1,100
2025-08-18 01:36:37,10,9,15,14,9,14,4.001,4.111,307.9,311.4,0,0,0,0,0,0,1,100
2025-08-18 01:36:47,10,10,15,14,9,13,4.002,4.11,307.7,311.4,0,0,0,0,0,0,1,100
2025-08-18 01:36:58,10,9,15,14,9,14,4.006,4.111,307.9,311.4,0,0,0,0,0,0,1,100
2025-08-18 01:37:08,10,9,15,14,9,14,4.002,4.111,307.7,311.7,0,0,0,0,0,0,1,100
2025-08-18 01:37:18,10,9,15,15,10,13,3.999,4.109,307.8,311.9,0,0,0,0,0,0,1,100
2025-08-18 01:37:28,10,9,15,14,9,14,3.998,4.106,307.9,311.7,0,0,0,0,0,0,1,100
2025-08-18 01:37:38,10,9,15,14,9,14,4.002,4.109,307.8,311.5,0,0,0,0,0,0,1,100
2025-08-18 01:37:48,10,9,15,14,9,14,4,4.108,307.8,311.6,0,0,0,0,0,0,1,100
2025-08-18 01:37:58,10,9,15,14,9,14,4.005,4.108,307.7,311.7,0,0,0,0,0,0,1,100
2025-08-18 01:38:08,10,10,15,14,9,14,4.001,4.108,307.9,311.6,0,0,0,0,0,0,1,100
2025-08-18 01:38:18,10,9,15,14,9,14,3.997,4.107,308,311.6,0,0,0,0,0,0,1,100
2025-08-18 01:38:28,10,9,15,14,9,14,3.999,4.107,307.9,311.6,0,0,0,0,0,0,1,100
2025-08-18 01:38:38,10,9,15,14,9,14,4.003,4.106,308,311.6,0,0,0,0,0,0,1,100
2025-08-18 01:38:49,10,9,15,14,9,13,4.004,4.105,308,311.5,0,0,0,0,0,0,1,100
2025-08-18 01:38:59,10,10,14,14,9,14,4,4.103,308.1,311.6,0,0,0,0,0,0,1,100
2025-08-18 01:39:09,10,9,14,14,9,14,4.002,4.108,308,311.6,0,0,0,0,0,0,1,100
2025-08-18 01:39:19,10,9,15,14,9,14,4.002,4.105,308,311.5,0,0,0,0,0,0,1,100
2025-08-18 01:39:29,10,9,15,14,9,13,4.001,4.106,308.1,311.7,0,0,0,0,0,0,1,100
2025-08-18 01:39:39,10,9,15,13,9,14,4.001,4.108,308,311.5,0,0,0,0,0,0,1,100
2025-08-18 01:39:49,10,9,15,14,9,14,4.003,4.112,307.8,311.6,0,0,0,0,0,0,1,100
2025-08-18 01:39:59,10,9,15,14,9,14,4.006,4.11,308.4,311.7,0,0,0,0,0,0,1,100
2025-08-18 01:40:09,10,10,15,14,9,14,3.999,4.11,308.2,311.6,0,0,0,0,0,0,1,100
2025-08-18 01:40:19,9,9,15,14,9,14,4.004,4.106,308.1,311.4,0,0,0,0,0,0,1,100
2025-08-18 01:40:29,10,10,15,14,9,14,3.997,4.114,307.7,311.6,0,0,0,0,0,0,1,100
2025-08-18 01:40:39,10,9,15,14,9,14,3.999,4.111,308,311.7,0,0,0,0,0,0,1,100
2025-08-18 01:40:49,10,9,15,14,9,14,4.002,4.112,308,311.6,0,0,0,0,0,0,1,100
2025-08-18 01:41:00,10,9,15,14,9,14,4.004,4.107,307.8,311.9,0,0,0,0,0,0,1,100
2025-08-18 01:41:10,10,9,14,14,9,14,4.001,4.109,308.1,311.7,0,0,0,0,0,0,1,100
2025-08-18 01:41:20,10,9,15,14,9,14,3.999,4.107,308,311.6,0,0,0,0,0,0,1,100
2025-08-18 01:41:30,10,9,15,15,9,13,4.002,4.11,307.9,311.8,0,0,0,0,0,0,1,100
2025-08-18 01:41:40,10,9,15,14,9,14,4.005,4.108,308,311.6,0,0,0,0,0,0,1,100
2025-08-18 01:41:50,10,9,15,14,9,14,4.007,4.106,308,311.7,0,0,0,0,0,0,1,100
2025-08-18 01:42:00,10,9,15,14,9,14,4.004,4.109,308,311.5,0,0,0,0,0,0,1,100
2025-08-18 01:42:10,10,10,15,14,9,13,4.006,4.103,307.8,311.7,0,0,0,0,0,0,1,100
2025-08-18 01:42:20,10,9,15,14,10,13,4.004,4.108,308,311.8,0,0,0,0,0,0,1,100
2025-08-18 01:42:30,10,9,15,13,9,13,4.004,4.108,307.9,311.5,0,0,0,0,0,0,1,100
2025-08-18 01:42:40,10,9,14,14,9,14,4.001,4.106,308,311.6,0,0,0,0,0,0,1,100
2025-08-18 01:42:51,10,9,15,14,9,13,4.002,4.108,307.9,311.7,0,0,0,0,0,0,1,100
2025-08-18 01:43:01,10,9,15,14,9,14,4.002,4.107,307.8,311.5,0,0,0,0,0,0,1,100
2025-08-18 01:43:11,10,9,15,14,9,13,4.005,4.107,307.9,311.7,0,0,0,0,0,0,1,100
2025-08-18 01:43:21,10,9,15,14,10,14,4.007,4.11,307.9,311.6,0,0,0,0,0,0,1,100
2025-08-18 01:43:31,10,9,15,14,9,14,3.998,4.109,308,311.5,0,0,0,0,0,0,1,100
2025-08-18 01:43:41,10,9,15,14,9,14,4,4.109,307.5,311.5,0,0,0,0,0,0,1,100
2025-08-18 01:43:51,10,9,15,14,9,14,4.002,4.107,307.8,311.7,0,0,0,0,0,0,1,100
2025-08-18 01:44:01,10,9,15,14,9,14,4.006,4.11,307.8,312.1,0,0,0,0,0,0,1,100
2025-08-18 01:44:11,10,9,15,14,9,14,4.009,4.108,307.9,311.6,0,0,0,0,0,0,1,100
2025-08-18 01:44:22,10,9,15,14,9,14,4.004,4.107,307.8,311.6,0,0,0,0,0,0,1,100
2025-08-18 01:44:32,10,10,15,14,9,13,4.006,4.105,307.4,311.5,0,0,0,0,0,0,1,100
2025-08-18 01:44:42,10,9,15,14,9,14,4,4.106,307.4,311.8,0,0,0,0,0,0,1,100
2025-08-18 01:44:52,10,9,15,14,10,14,4,4.108,307.9,311.7,0,0,0,0,0,0,1,100
2025-08-18 01:45:02,10,9,15,15,9,14,4.005,4.109,307.8,311.7,0,0,0,0,0,0,1,100
2025-08-18 01:45:12,10,10,15,14,9,14,4.004,4.11,307.8,311.7,0,0,0,0,0,0,1,100
2025-08-18 01:45:22,10,10,15,14,9,14,4.004,4.109,308,311.7,0,0,0,0,0,0,1,100
2025-08-18 01:45:32,10,9,15,14,9,14,4.004,4.106,308,311.6,0,0,0,0,0,0,1,100
2025-08-18 01:45:42,10,9,15,14,9,14,4.002,4.108,308,311.8,0,0,0,0,0,0,1,100
2025-08-18 01:45:53,10,10,15,14,9,14,4.003,4.111,307.8,311.9,0,0,0,0,0,0,1,100
2025-08-18 01:46:03,10,9,15,14,9,14,4.003,4.107,308,311.7,0,0,0,0,0,0,1,100
2025-08-18 01:46:13,10,9,15,14,9,13,3.998,4.111,308.1,311.7,0,0,0,0,0,0,1,100
2025-08-18 01:46:23,10,9,15,14,9,14,4.003,4.111,308,311.7,0,0,0,0,0,0,1,100
2025-08-18 01:46:33,10,9,15,14,9,14,4.002,4.108,308,311.9,0,0,0,0,0,0,1,100
2025-08-18 01:46:43,10,9,15,14,9,14,4.002,4.109,307.6,311.9,0,0,0,0,0,0,1,100
2025-08-18 01:46:53,10,9,15,14,9,13,3.998,4.107,307.9,311.9,0,0,0,0,0,0,1,100
2025-08-18 01:47:03,10,9,15,14,9,13,4.001,4.111,307.7,311.8,0,0,0,0,0,0,1,100
2025-08-18 01:47:13,10,9,15,14,9,13,3.997,4.11,307.8,311.7,0,0,0,0,0,0,1,100
2025-08-18 01:47:23,10,9,15,14,9,14,4.004,4.107,307.8,311.7,0,0,0,0,0,0,1,100
2025-08-18 01:47:34,10,9,15,14,9,14,4.005,4.112,307.9,311.6,0,0,0,0,0,0,1,100
2025-08-18 01:47:44,10,9,15,13,9,14,4.001,4.11,307.9,311.8,0,0,0,0,0,0,1,100
2025-08-18 01:47:54,10,9,15,14,9,13,4.002,4.108,307.9,311.8,0,0,0,0,0,0,1,100
2025-08-18 01:48:04,10,10,15,14,9,14,4.004,4.108,307.9,311.5,0,0,0,0,0,0,1,100
2025-08-18 01:48:14,10,9,15,14,9,14,4.002,4.108,308,311.6,0,0,0,0,0,0,1,100
2025-08-18 01:48:24,10,9,15,14,9,14,4.004,4.11,307.8,311.7,0,0,0,0,0,0,1,100
2025-08-18 01:48:34,10,9,15,14,9,14,4.001,4.111,308.1,311.5,0,0,0,0,0,0,1,100
2025-08-18 01:48:44,10,10,15,14,9,13,3.997,4.109,307.9,311.7,0,0,0,0,0,0,1,100
2025-08-18 01:48:54,10,9,15,14,9,13,4.001,4.111,308,311.4,0,0,0,0,0,0,1,100
2025-08-18 01:49:04,10,9,15,15,9,14,4.007,4.108,308.1,311.3,0,0,0,0,0,0,1,100
2025-08-18 01:49:14,11,9,15,14,9,14,4.007,4.109,308.2,311.2,0,0,0,0,0,0,1,100
2025-08-18 01:49:25,10,9,15,14,9,14,4.006,4.11,308.1,311.4,0,0,0,0,0,0,1,100
2025-08-18 01:49:35,10,9,15,14,9,14,4.008,4.112,308,311.3,0,0,0,0,0,0,1,100
2025-08-18 01:49:45,10,9,14,14,9,14,4.006,4.111,307.9,311.4,0,0,0,0,0,0,1,100
2025-08-18 01:49:55,10,9,15,14,9,13,4.006,4.11,307.8,311.4,0,0,0,0,0,0,1,100
2025-08-18 01:50:05,10,10,15,14,9,14,4.003,4.105,307.9,311.5,0,0,0,0,0,0,1,100
2025-08-18 01:50:15,10,9,15,14,9,14,4.007,4.111,307.7,311.6,0,0,0,0,0,0,1,100
2025-08-18 01:50:25,10,9,15,14,9,14,4.008,4.105,307.8,311.3,0,0,0,0,0,0,1,100
2025-08-18 01:50:35,10,9,15,14,9,14,4.006,4.106,308,311.6,0,0,0,0,0,0,1,100
2025-08-18 01:50:45,10,9,15,14,9,14,4.008,4.111,308,311.6,0,0,0,0,0,0,1,100
2025-08-18 01:50:56,10,9,15,14,10,14,4.004,4.107,307.9,311.6,0,0,0,0,0,0,1,100
2025-08-18 01:51:06,10,9,15,14,9,14,4.006,4.108,308,311.6,0,0,0,0,0,0,1,100
2025-08-18 01:51:16,11,9,15,14,9,14,4.006,4.108,308.1,311.6,0,0,0,0,0,0,1,100
2025-08-18 01:51:26,10,9,15,14,9,14,4.004,4.109,308,311.4,0,0,0,0,0,0,1,100
2025-08-18 01:51:36,10,9,15,14,9,14,4.002,4.106,307.9,311.7,0,0,0,0,0,0,1,100
2025-08-18 01:51:46,10,9,15,14,9,14,4.005,4.109,307.8,311.6,0,0,0,0,0,0,1,100
2025-08-18 01:51:56,10,9,15,14,9,14,4.005,4.107,308,311.7,0,0,0,0,0,0,1,100
2025-08-18 01:52:06,10,9,15,14,9,14,4.006,4.111,307.7,311.8,0,0,0,0,0,0,1,100
2025-08-18 01:52:16,10,9,15,14,9,13,4.003,4.108,307.9,311.7,0,0,0,0,0,0,1,100
2025-08-18 01:52:26,10,9,15,14,9,14,4.008,4.108,307.8,311.7,0,0,0,0,0,0,1,100
2025-08-18 01:52:37,10,9,15,14,9,14,4.003,4.109,307.9,311.6,0,0,0,0,0,0,1,100
2025-08-18 01:52:47,10,9,15,14,10,14,4.002,4.109,308.1,311.6,0,0,0,0,0,0,1,100
2025-08-18 01:52:57,10,10,15,14,9,14,4.005,4.107,307.9,311.6,0,0,0,0,0,0,1,100
2025-08-18 01:53:07,10,9,15,14,9,14,4.002,4.106,308,311.6,0,0,0,0,0,0,1,100
2025-08-18 01:53:17,10,9,15,14,9,14,3.999,4.106,307.9,311.4,0,0,0,0,0,0,1,100
2025-08-18 01:53:27,10,9,15,14,9,14,4.005,4.108,307.7,311.5,0,0,0,0,0,0,1,100
2025-08-18 01:53:37,10,9,15,14,9,14,4.008,4.11,307.7,311.6,0,0,0,0,0,0,1,100
2025-08-18 01:53:48,10,9,15,14,9,14,4.002,4.111,307.8,311.6,0,0,0,0,0,0,1,100
2025-08-18 01:53:58,10,9,15,14,9,14,4.008,4.109,307.9,311.4,0,0,0,0,0,0,1,100
2025-08-18 01:54:08,10,10,15,13,9,14,4.009,4.107,307.6,311.4,0,0,0,0,0,0,1,100
2025-08-18 01:54:18,10,9,15,14,9,14,4.009,4.106,307.7,311.5,0,0,0,0,0,0,1,100
2025-08-18 01:54:28,10,9,15,14,9,14,4.011,4.109,307.8,311.5,0,0,0,0,0,0,1,100
2025-08-18 01:54:38,10,9,15,14,9,14,4.007,4.112,307.9,311.5,0,0,0,0,0,0,1,100
2025-08-18 01:54:48,10,9,15,14,9,14,4.009,4.113,307.9,311.7,0,0,0,0,0,0,1,100
2025-08-18 01:54:58,10,9,15,14,9,14,4.006,4.111,307.8,311.6,0,0,0,0,0,0,1,100
2025-08-18 01:55:09,10,10,15,13,9,14,4.007,4.112,307.6,311.6,0,0,0,0,0,0,1,100
2025-08-18 01:55:19,10,9,15,14,9,14,4.007,4.108,307.8,311.7,0,0,0,0,0,0,1,100
2025-08-18 01:55:29,10,9,15,14,9,13,4.004,4.112,307.8,311.7,0,0,0,0,0,0,1,100
2025-08-18 01:55:39,10,9,15,14,9,14,4.006,4.109,308,311.5,0,0,0,0,0,0,1,100
2025-08-18 01:55:49,10,9,15,14,9,13,4.009,4.109,307.8,311.6,0,0,0,0,0,0,1,100
2025-08-18 01:55:59,10,10,15,14,9,13,4.006,4.113,307.8,311.6,0,0,0,0,0,0,1,100
2025-08-18 01:56:10,10,10,15,14,9,14,4.012,4.108,308.1,311.5,0,0,0,0,0,0,1,100
2025-08-18 01:56:20,10,10,15,14,9,14,4.006,4.109,308,311.5,0,0,0,0,0,0,1,100
2025-08-18 01:56:30,11,9,15,14,9,14,4.005,4.109,307.9,311.6,0,0,0,0,0,0,1,100
2025-08-18 01:56:40,10,10,15,14,10,14,4.005,4.112,307.8,311.6,0,0,0,0,0,0,1,100
2025-08-18 01:56:50,10,10,15,14,9,14,3.998,4.112,307.9,311.6,0,0,0,0,0,0,1,100
2025-08-18 01:57:00,10,9,15,13,9,14,4.004,4.11,307.7,311.7,0,0,0,0,0,0,1,100
2025-08-18 01:57:10,10,9,15,14,9,14,4.005,4.113,307.8,311.8,0,0,0,0,0,0,1,100
2025-08-18 01:57:20,10,9,15,13,9,13,4.005,4.109,307.8,311.7,0,0,0,0,0,0,1,100
2025-08-18 01:57:31,10,10,15,14,9,14,4.008,4.109,307.6,311.6,0,0,0,0,0,0,1,100
2025-08-18 01:57:41,10,9,15,14,9,14,4.005,4.104,307.8,311.6,0,0,0,0,0,0,1,100
2025-08-18 01:57:51,10,10,15,14,9,14,4.005,4.109,308,311.4,0,0,0,0,0,0,1,100
2025-08-18 01:58:01,10,9,15,14,9,14,4.004,4.113,308,311.4,0,0,0,0,0,0,1,100
2025-08-18 01:58:11,10,10,15,14,9,14,4.003,4.114,307.8,311.4,0,0,0,0,0,0,1,100
2025-08-18 01:58:21,10,10,15,14,9,14,4.004,4.109,308,311.5,0,0,0,0,0,0,1,100
2025-08-18 01:58:31,10,9,15,14,9,14,4.011,4.111,308,311.6,0,0,0,0,0,0,1,100
2025-08-18 01:58:41,10,9,15,14,9,14,4.008,4.111,307.9,311.6,0,0,0,0,0,0,1,100
2025-08-18 01:58:52,10,10,15,14,10,14,4.004,4.106,307.7,311.7,0,0,0,0,0,0,1,100
2025-08-18 01:59:02,10,9,15,14,9,14,4.006,4.108,307.9,311.4,0,0,0,0,0,0,1,100
2025-08-18 01:59:12,10,10,15,14,9,14,4.005,4.109,307.8,311.6,0,0,0,0,0,0,1,100
2025-08-18 01:59:22,10,9,15,14,9,14,4.007,4.107,307.7,311.6,0,0,0,0,0,0,1,100
2025-08-18 01:59:32,10,9,15,14,9,13,4.006,4.107,307.7,311.8,0,0,0,0,0,0,1,100
2025-08-18 01:59:42,10,9,15,14,10,14,4.007,4.106,307.9,311.6,0,0,0,0,0,0,1,100
2025-08-18 01:59:52,10,9,15,14,9,13,4.009,4.106,307.6,311.8,0,0,0,0,0,0,1,100
2025-08-18 02:00:03,10,10,15,14,10,14,4.006,4.105,307.8,311.8,0,0,0,0,0,0,1,100
2025-08-18 02:00:13,10,9,15,14,9,14,4.005,4.108,307.9,311.5,0,0,0,0,0,0,1,100
2025-08-18 02:00:23,10,9,15,14,9,13,4.009,4.106,307.8,311.6,0,0,0,0,0,0,1,100
2025-08-18 02:00:33,10,9,15,14,9,14,4.006,4.108,307.5,311.5,0,0,0,0,0,0,1,100
